2026-10-08 10:41:30,613 smoke == migrate
2026-10-08 10:41:30,614 smoke $ .venv\Scripts\python.exe -m alembic upgrade head
2026-10-08 10:42:04,381 smoke == seed
2026-10-08 10:42:04,382 smoke $ .venv\Scripts\python.exe -m data_gen.generate
wrote 157 documents {'pdf': 7, 'docx': 5, 'wiki': 10, 'ticket': 85, 'chat': 20, 'email': 30}, manifest at data\out\manifest.json
loaded ops tables {'employees': 107, 'employee_compensation': 107, 'customers': 60, 'shipments': 4000, 'invoices': 3849}
Found credentials in environment variables.
s3://larkspur-smoke-raw: 157 uploaded, 0 unchanged, 0 deleted
2026-10-08 10:44:01,519 smoke == register
2026-10-08 10:44:05,296 smoke == ingest
2026-10-08 10:44:05,297 smoke $ databricks bundle deploy -t smoke
Building ingest_wheel...
Uploading databricks/dist/lakehouse_rag_ingest-0.1.0-py3-none-any.whl...
Uploading bundle files to /Workspace/Users/<me>/.bundle/lakehouse-rag/smoke/files...
Created jobs.ingest
Files: 2 uploaded, 0 deleted
Resources: 1 created, 0 changed, 0 deleted, 0 unchanged
2026-10-08 10:44:23,435 smoke $ databricks bundle run ingest -t smoke
Run URL: https://<workspace>/jobs/393163152582324/runs/395506737386720?o=<org>

2026-10-08 10:44:26 "[smoke] lakehouse-rag ingest" RUNNING
2026-10-08 10:46:44 "[smoke] lakehouse-rag ingest" INTERNAL_ERROR FAILED Task bronze failed with message: Workload failed, see run output for details. This caused all downstream tasks to get skipped.
Task bronze FAILED:
[STREAM_FAILED] Query [id = 60afcb9a-4e7d-4bfb-b50a-b083bb06325a, runId = 7e1ccaea-4a4c-470d-9586-ce60f5142c3f] terminated with exception: [PYTHON_EXCEPTION] [root session: 0db8dc16-a538-4ee8-9f56-8d04c0c6d565][cloned session: 388a27d2-6e53-49bf-8bb4-8c2ac277e00e][userId: 73050449987489] Found error inside foreachBatch Python process: Traceback (most recent call last):
  File "/databricks/python/lib/python3.12/site-packages/databricks/sdk/config.py", line 834, in init_auth
    self._header_factory = self._credentials_strategy(self)
                           ^^^^^^^^^^^^^^^^^^^^^^^^^^^^^^^^
  File "/databricks/python/lib/python3.12/site-packages/databricks/sdk/credentials_provider.py", line 1480, in __call__
    raise ValueError(
ValueError: cannot configure default credentials, please check https://docs.databricks.com/en/dev-tools/auth.html#databricks-client-unified-authentication to configure credentials for your preferred authentication method.

The above exception was the direct cause of the following exception:

Traceback (most recent call last):
  File "/databricks/python/lib/python3.12/site-packages/databricks/sdk/config.py", line 323, in __init__
    self.init_auth()
  File "/databricks/python/lib/python3.12/site-packages/databricks/sdk/config.py", line 839, in init_auth
    raise ValueError(f"{self._credentials_strategy.auth_type()} auth: {e}") from e
ValueError: default auth: cannot configure default credentials, please check https://docs.databricks.com/en/dev-tools/auth.html#databricks-client-unified-authentication to configure credentials for your preferred authentication method.

The above exception was the direct cause of the following exception:

Traceback (most recent call last):
  File "/databricks/spark/python/_engine_pyspark.zip/_engine_pyspark/sql/connect/streaming/worker/foreach_batch_worker.py", line 173, in main
    process(df_ref_id, int(batch_id))
  File "/databricks/spark/python/_engine_pyspark.zip/_engine_pyspark/sql/connect/streaming/worker/foreach_batch_worker.py", line 77, in process
    func(batch_df, batch_id)
  File "/local_disk0/.ephemeral_nfs/envs/pythonEnv-0f0da86d-7e07-434e-8093-5d806b5d5886/lib/python3.12/site-packages/ingestion/spark/bronze.py", line 72, in 
  File "/local_disk0/.ephemeral_nfs/envs/pythonEnv-6e3d2c16-21f4-4ee0-9eae-3477301249bd/lib/python3.12/site-packages/ingestion/spark/bronze.py", line 39, in merge_batch
    service_credentials(settings.service_credential, settings.region)
  File "/local_disk0/.ephemeral_nfs/envs/pythonEnv-6e3d2c16-21f4-4ee0-9eae-3477301249bd/lib/python3.12/site-packages/ingestion/spark/objects.py", line 51, in service_credentials
    from databricks.sdk.runtime import dbutils  # type: ignore[import-not-found,unused-ignore]
    ^^^^^^^^^^^^^^^^^^^^^^^^^^^^^^^^^^^^^^^^^^
  File "/databricks/python/lib/python3.12/site-packages/databricks/sdk/runtime/__init__.py", line 214, in 
    dbutils = RemoteDbUtils()
              ^^^^^^^^^^^^^^^
  File "/databricks/python/lib/python3.12/site-packages/databricks/sdk/dbutils.py", line 216, in __init__
    self._config = Config() if not config else config.copy()
                   ^^^^^^^^
  File "/databricks/python/lib/python3.12/site-packages/databricks/sdk/config.py", line 327, in __init__
    raise ValueError(message) from e
ValueError: default auth: cannot configure default credentials, please check https://docs.databricks.com/en/dev-tools/auth.html#databricks-client-unified-authentication to configure credentials for your preferred authentication method.
 SQLSTATE: 38000 SQLSTATE: XXKST
=== Streaming Query ===
Identifier: [id = 60afcb9a-4e7d-4bfb-b50a-b083bb06325a, runId = 7e1ccaea-4a4c-470d-9586-ce60f5142c3f]
Current Start Offsets: {}
Current End Offsets: {FileStreamSource[s3://larkspur-smoke-lake/manifests]: {"logOffset":0}}

Current State: ACTIVE
Thread State: RUNNABLE

Logical Plan:
~WriteToMicroBatchDataSourceV1 ForeachBatchSink, 60afcb9a-4e7d-4bfb-b50a-b083bb06325a, [checkpointLocation=s3://larkspur-smoke-lake/_checkpoints/bronze_objects], Append
+- ~StreamingExecutionRelation FileStreamSource[s3://larkspur-smoke-lake/manifests], [manifest_version#10194, event_id#10195, event_type#10196, event_name#10197, bucket#10198, key#10199, version_id#10200, etag#10201, size#10202L, event_time#10203, sequencer#10204, sort_key#10205, content_type#10206, doc_id#10207, source_type#10208, title#10209, owner#10210, allowed_groups#10211, source_updated_at#10212, metadata#10213, registered_at#10214, dt#10215], name=


Physical Plan:
PhotonResultStage
+- PhotonColumnarToRow
   +- PhotonJsonScan json [manifest_version#10240,event_id#10241,event_type#10242,event_name#10243,bucket#10244,key#10245,version_id#10246,etag#10247,size#10248L,event_time#10249,sequencer#10250,sort_key#10251,content_type#10252,doc_id#10253,source_type#10254,title#10255,owner#10256,allowed_groups#10257,source_updated_at#10258,metadata#10259,registered_at#10260,dt#10261] Batched: true, DataFilters: [], Format: JSON, Location: InMemoryFileIndex(157 paths)[s3://larkspur-smoke-lake/manifests/dt=2026-10-08/9d5c307d883168964d8..., PartitionFilters: [], PushedFilters: [], ReadSchema: struct
  File "/local_disk0/.ephemeral_nfs/envs/pythonEnv-6e3d2c16-21f4-4ee0-9eae-3477301249bd/lib/python3.12/site-packages/ingestion/spark/bronze.py", line 39, in merge_batch
    service_credentials(settings.service_credential, settings.region)
  File "/local_disk0/.ephemeral_nfs/envs/pythonEnv-6e3d2c16-21f4-4ee0-9eae-3477301249bd/lib/python3.12/site-packages/ingestion/spark/objects.py", line 51, in service_credentials
    from databricks.sdk.runtime import dbutils  # type: ignore[import-not-found,unused-ignore]
    ^^^^^^^^^^^^^^^^^^^^^^^^^^^^^^^^^^^^^^^^^^
  File "/databricks/python/lib/python3.12/site-packages/databricks/sdk/runtime/__init__.py", line 214, in 
    dbutils = RemoteDbUtils()
              ^^^^^^^^^^^^^^^
  File "/databricks/python/lib/python3.12/site-packages/databricks/sdk/dbutils.py", line 216, in __init__
    self._config = Config() if not config else config.copy()
                   ^^^^^^^^
  File "/databricks/python/lib/python3.12/site-packages/databricks/sdk/config.py", line 327, in __init__
    raise ValueError(message) from e
ValueError: default auth: cannot configure default credentials, please check https://docs.databricks.com/en/dev-tools/auth.html#databricks-client-unified-authentication to configure credentials for your preferred authentication method.
 SQLSTATE: 38000
	at org.apache.spark.sql.connect.planner.StreamingForeachBatchHelper$.$anonfun$pythonForeachBatchWrapper$19(StreamingForeachBatchHelper.scala:632)
	at org.apache.spark.sql.connect.planner.StreamingForeachBatchHelper$.$anonfun$pythonForeachBatchWrapper$19$adapted(StreamingForeachBatchHelper.scala:601)
	at org.apache.spark.sql.connect.planner.StreamingForeachBatchHelper$.$anonfun$dataFrameCachingWrapper$1(StreamingForeachBatchHelper.scala:214)
	at org.apache.spark.sql.connect.planner.StreamingForeachBatchHelper$.$anonfun$dataFrameCachingWrapper$1$adapted(StreamingForeachBatchHelper.scala:194)
	at org.apache.spark.sql.execution.streaming.sources.ForeachBatchSink.callBatchWriter(ForeachBatchSink.scala:239)
	at org.apache.spark.sql.execution.streaming.sources.ForeachBatchSink.addBatchOptimized(ForeachBatchSink.scala:411)
	at org.apache.spark.sql.execution.streaming.sources.ForeachBatchSink.$anonfun$addBatch$4(ForeachBatchSink.scala:149)
	at scala.runtime.java8.JFunction0$mcV$sp.apply(JFunction0$mcV$sp.scala:18)
	at org.apache.spark.util.Utils$.timeTakenMs(Utils.scala:599)
	at org.apache.spark.sql.execution.streaming.sources.ForeachBatchSink.addBatch(ForeachBatchSink.scala:132)
	at org.apache.spark.sql.execution.streaming.runtime.MicroBatchExecution.$anonfun$addBatch$4(MicroBatchExecution.scala:3672)
	at scala.runtime.java8.JFunction0$mcV$sp.apply(JFunction0$mcV$sp.scala:18)
	at org.apache.spark.sql.execution.streaming.StructuredApiLogger$.logApiEvent(SupportsStructuredApiLogging.scala:226)
	at org.apache.spark.sql.execution.streaming.runtime.MicroBatchExecution.addBatch(MicroBatchExecution.scala:3672)
	at org.apache.spark.sql.execution.streaming.runtime.MicroBatchExecution.$anonfun$runBatch$38(MicroBatchExecution.scala:4367)
	at scala.runtime.java8.JFunction0$mcV$sp.apply(JFunction0$mcV$sp.scala:18)
	at com.databricks.spark.util.FrameProfiler$.$anonfun$record$1(FrameProfiler.scala:114)
	at com.databricks.spark.util.FrameProfilerExporter$.maybeExportFrameProfiler(FrameProfilerExporter.scala:201)
	at com.databricks.spark.util.FrameProfiler$.record(FrameProfiler.scala:105)
	at org.apache.spark.sql.execution.streaming.runtime.ProgressContext.reportTimeTaken(ProgressReporter.scala:364)
	at org.apache.spark.sql.execution.streaming.runtime.MicroBatchExecution.$anonfun$markAndTimeCollectBatch$1(MicroBatchExecution.scala:3690)
	at org.apache.spark.sql.execution.streaming.runtime.StreamingQueryBatchActivityRecorder.recordPhase(StreamingQueryBatchActivityRecorder.scala:50)
	at org.apache.spark.sql.execution.streaming.runtime.MicroBatchExecution.markAndTimeCollectBatch(MicroBatchExecution.scala:3689)
	at org.apache.spark.sql.execution.streaming.runtime.MicroBatchExecution.$anonfun$runBatch$37(MicroBatchExecution.scala:4367)
	at org.apache.spark.sql.execution.SQLExecution$.$anonfun$withNewExecutionId0$23(SQLExecution.scala:1309)
	at com.databricks.sql.util.MemoryTrackerHelper.withMemoryTracking(MemoryTrackerHelper.scala:111)
	at org.apache.spark.sql.execution.SQLExecution$.$anonfun$withNewExecutionId0$20(SQLExecution.scala:1225)
	at com.databricks.unity.UCSManager$.withTemporaryScope(UCSManager.scala:168)
	at org.apache.spark.sql.execution.SQLExecution$.$anonfun$withNewExecutionId0$19(SQLExecution.scala:1114)
	at org.apache.spark.sql.execution.SQLExecution$.withSessionTagsApplied(SQLExecution.scala:1989)
	at org.apache.spark.sql.execution.SQLExecution$.$anonfun$withNewExecutionId0$18(SQLExecution.scala:1103)
	at org.apache.spark.JobArtifactSet$.withActiveJobArtifactState(JobArtifactSet.scala:97)
	at org.apache.spark.sql.artifact.ArtifactManager.$anonfun$withResources$1(ArtifactManager.scala:124)
	at org.apache.spark.sql.artifact.ArtifactManager.withClassLoaderIfNeeded(ArtifactManager.scala:118)
	at org.apache.spark.sql.artifact.ArtifactManager.withResources(ArtifactManager.scala:123)
	at org.apache.spark.sql.execution.SQLExecution$.$anonfun$withNewExecutionId0$17(SQLExecution.scala:1103)
	at org.apache.spark.sql.execution.SQLExecution$.withSQLConfPropagated(SQLExecution.scala:2024)
	at org.apache.spark.sql.execution.SQLExecution$.$anonfun$withNewExecutionId0$1(SQLExecution.scala:1102)
	at org.apache.spark.sql.SparkSession.withActive(SparkSession.scala:866)
	at org.apache.spark.sql.execution.SQLExecution$.withNewExecutionId0(SQLExecution.scala:823)
	at org.apache.spark.sql.execution.SQLExecution$.withNewExecutionId(SQLExecution.scala:1942)
	at org.apache.spark.sql.execution.streaming.runtime.MicroBatchExecution.withSQLExecutionContext$1(MicroBatchExecution.scala:4354)
	at org.apache.spark.sql.execution.streaming.runtime.MicroBatchExecution.$anonfun$runBatch$35(MicroBatchExecution.scala:4358)
	at com.databricks.spark.util.FrameProfiler$.$anonfun$record$1(FrameProfiler.scala:114)
	at com.databricks.spark.util.FrameProfilerExporter$.maybeExportFrameProfiler(FrameProfilerExporter.scala:201)
	at com.databricks.spark.util.FrameProfiler$.record(FrameProfiler.scala:105)
	at org.apache.spark.sql.execution.streaming.runtime.ProgressContext.reportTimeTaken(ProgressReporter.scala:364)
	at org.apache.spark.sql.execution.streaming.runtime.MicroBatchExecutionContext.$anonfun$reportTimeTakenAndRecordPhase$1(StreamExecutionContext.scala:279)
	at org.apache.spark.sql.execution.streaming.runtime.StreamingQueryBatchActivityRecorder.recordPhase(StreamingQueryBatchActivityRecorder.scala:50)
	at org.apache.spark.sql.execution.streaming.runtime.MicroBatchExecutionContext.reportTimeTakenAndRecordPhase(StreamExecutionContext.scala:279)
	at org.apache.spark.sql.execution.streaming.runtime.MicroBatchExecution.runBatch(MicroBatchExecution.scala:4329)
	at org.apache.spark.sql.execution.streaming.runtime.MicroBatchExecution.$anonfun$executeOneBatch$8(MicroBatchExecution.scala:2518)
	at org.apache.spark.sql.execution.streaming.runtime.MicroBatchExecution.handleDataSourceException(MicroBatchExecution.scala:5390)
	at org.apache.spark.sql.execution.streaming.runtime.MicroBatchExecution.$anonfun$executeOneBatch$7(MicroBatchExecution.scala:2518)
	at org.apache.spark.sql.execution.streaming.runtime.MicroBatchExecution.withSchemaEvolution(MicroBatchExecution.scala:5335)
	at org.apache.spark.sql.execution.streaming.runtime.MicroBatchExecution.$anonfun$executeOneBatch$4(MicroBatchExecution.scala:2514)
	at scala.runtime.java8.JFunction0$mcV$sp.apply(JFunction0$mcV$sp.scala:18)
	at com.databricks.spark.util.FrameProfiler$.$anonfun$record$1(FrameProfiler.scala:114)
	at com.databricks.spark.util.FrameProfilerExporter$.maybeExportFrameProfiler(FrameProfilerExporter.scala:201)
	at com.databricks.spark.util.FrameProfiler$.record(FrameProfiler.scala:105)
	at org.apache.spark.sql.execution.streaming.runtime.ProgressContext.reportTimeTaken(ProgressReporter.scala:364)
	at org.apache.spark.sql.execution.streaming.runtime.MicroBatchExecution.$anonfun$executeOneBatch$3(MicroBatchExecution.scala:2438)
	at scala.runtime.java8.JFunction0$mcV$sp.apply(JFunction0$mcV$sp.scala:18)
	at com.databricks.logging.AttributionContextTracing.$anonfun$withAttributionContext$1(AttributionContextTracing.scala:146)
	at com.databricks.logging.AttributionContext$.withValue(AttributionContext.scala:354)
	at com.databricks.logging.AttributionContextTracing.withAttributionContext(AttributionContextTracing.scala:144)
	at com.databricks.logging.AttributionContextTracing.withAttributionContext$(AttributionContextTracing.scala:141)
	at com.databricks.spark.util.PublicDBLogging.withAttributionContext(DatabricksSparkUsageLogger.scala:32)
	at com.databricks.logging.AttributionContextTracing.withAttributionTags(AttributionContextTracing.scala:201)
	at com.databricks.logging.AttributionContextTracing.withAttributionTags$(AttributionContextTracing.scala:182)
	at com.databricks.spark.util.PublicDBLogging.withAttributionTags(DatabricksSparkUsageLogger.scala:32)
	at com.databricks.spark.util.PublicDBLogging.withAttributionTags0(DatabricksSparkUsageLogger.scala:108)
	at com.databricks.spark.util.DatabricksSparkUsageLogger.withAttributionTags(DatabricksSparkUsageLogger.scala:279)
	at com.databricks.spark.util.UsageLogging.$anonfun$withAttributionTags$1(UsageLogger.scala:668)
	at com.databricks.spark.util.UsageLogging$.withAttributionTags(UsageLogger.scala:780)
	at com.databricks.spark.util.UsageLogging$.withAttributionTags(UsageLogger.scala:789)
	at com.databricks.spark.util.UsageLogging.withAttributionTags(UsageLogger.scala:668)
	at com.databricks.spark.util.UsageLogging.withAttributionTags$(UsageLogger.scala:666)
	at org.apache.spark.sql.execution.streaming.runtime.StreamExecution.withAttributionTags(StreamExecution.scala:154)
	at org.apache.spark.sql.execution.streaming.runtime.MicroBatchExecution.executeOneBatch(MicroBatchExecution.scala:2431)
	at org.apache.spark.sql.execution.streaming.runtime.MicroBatchExecution.$anonfun$executeOneBatchWithDowngradeHandling$1(MicroBatchExecution.scala:2378)
	at scala.runtime.java8.JFunction0$mcZ$sp.apply(JFunction0$mcZ$sp.scala:17)
	at com.databricks.util.LexicalThreadLocal$Handle.runWith(LexicalThreadLocal.scala:63)
	at org.apache.spark.sql.execution.streaming.runtime.StreamExecution.withMicroBatchUcCache(StreamExecution.scala:500)
	at org.apache.spark.sql.execution.streaming.runtime.MicroBatchExecution.executeOneBatchWithDowngradeHandling(MicroBatchExecution.scala:2377)
	at org.apache.spark.sql.execution.streaming.runtime.MicroBatchExecution.$anonfun$runActivatedStreamWithListener$1(MicroBatchExecution.scala:2365)
	at org.apache.spark.sql.execution.streaming.runtime.MicroBatchExecution.$anonfun$runActivatedStreamWithListener$1$adapted(MicroBatchExecution.scala:2365)
	at org.apache.spark.sql.execution.streaming.runtime.TriggerExecutor.runOneBatch(TriggerExecutor.scala:86)
	at org.apache.spark.sql.execution.streaming.runtime.TriggerExecutor.runOneBatch$(TriggerExecutor.scala:74)
	at org.apache.spark.sql.execution.streaming.runtime.MultiBatchExecutor.runOneBatch(TriggerExecutor.scala:112)
	at org.apache.spark.sql.execution.streaming.runtime.MultiBatchExecutor.execute(TriggerExecutor.scala:120)
	at org.apache.spark.sql.execution.streaming.runtime.MicroBatchExecution.runActivatedStreamWithListener(MicroBatchExecution.scala:2365)
	at org.apache.spark.sql.execution.streaming.runtime.MicroBatchExecution.runActivatedStream(MicroBatchExecution.scala:1139)
	at org.apache.spark.sql.execution.streaming.runtime.StreamExecution.$anonfun$runStream$2(StreamExecution.scala:801)
	at scala.runtime.java8.JFunction0$mcV$sp.apply(JFunction0$mcV$sp.scala:18)
	at org.apache.spark.sql.SparkSession.withActive(SparkSession.scala:866)
	at org.apache.spark.sql.execution.streaming.runtime.StreamExecution.$anonfun$runStream$1(StreamExecution.scala:712)
	at scala.runtime.java8.JFunction0$mcV$sp.apply(JFunction0$mcV$sp.scala:18)
	at com.databricks.logging.AttributionContextTracing.$anonfun$withAttributionContext$1(AttributionContextTracing.scala:146)
	at com.databricks.logging.AttributionContext$.withValue(AttributionContext.scala:354)
	at com.databricks.logging.AttributionContextTracing.withAttributionContext(AttributionContextTracing.scala:144)
	at com.databricks.logging.AttributionContextTracing.withAttributionContext$(AttributionContextTracing.scala:141)
	at com.databricks.spark.util.PublicDBLogging.withAttributionContext(DatabricksSparkUsageLogger.scala:32)
	at com.databricks.logging.AttributionContextTracing.withAttributionTags(AttributionContextTracing.scala:201)
	at com.databricks.logging.AttributionContextTracing.withAttributionTags$(AttributionContextTracing.scala:182)
	at com.databricks.spark.util.PublicDBLogging.withAttributionTags(DatabricksSparkUsageLogger.scala:32)
	at com.databricks.spark.util.PublicDBLogging.withAttributionTags0(DatabricksSparkUsageLogger.scala:108)
	at com.databricks.spark.util.DatabricksSparkUsageLogger.withAttributionTags(DatabricksSparkUsageLogger.scala:279)
	at com.databricks.spark.util.UsageLogging.$anonfun$withAttributionTags$1(UsageLogger.scala:668)
	at com.databricks.spark.util.UsageLogging$.withAttributionTags(UsageLogger.scala:780)
	at com.databricks.spark.util.UsageLogging$.withAttributionTags(UsageLogger.scala:789)
	at com.databricks.spark.util.UsageLogging.withAttributionTags(UsageLogger.scala:668)
	at com.databricks.spark.util.UsageLogging.withAttributionTags$(UsageLogger.scala:666)
	at org.apache.spark.sql.execution.streaming.runtime.StreamExecution.withAttributionTags(StreamExecution.scala:154)
	at org.apache.spark.sql.execution.streaming.runtime.StreamExecution.org$apache$spark$sql$execution$streaming$runtime$StreamExecution$$runStream(StreamExecution.scala:656)
	at org.apache.spark.sql.execution.streaming.runtime.StreamExecution$$anon$1.$anonfun$run$2(StreamExecution.scala:543)
	at scala.runtime.java8.JFunction0$mcV$sp.apply(JFunction0$mcV$sp.scala:18)
	at com.databricks.unity.UCSEphemeralState$Handle.runWith(UCSEphemeralState.scala:51)
	at com.databricks.unity.HandleImpl.runWith(UCSHandle.scala:130)
	at com.databricks.unity.HandleImpl.$anonfun$runWithAndClose$1(UCSHandle.scala:139)
	at scala.util.Using$.resource(Using.scala:296)
	at com.databricks.unity.HandleImpl.runWithAndClose(UCSHandle.scala:138)
	at org.apache.spark.sql.execution.streaming.runtime.StreamExecution$$anon$1.run(StreamExecution.scala:543)
---------------------------------------------------------------------------
StreamingQueryException                   Traceback (most recent call last)
File ~/.ipykernel/68/command--1-2776199325:9
      6 del sys
      8 with open(filename, "rb") as f:
----> 9   exec(compile(f.read(), filename, 'exec'))

File /Workspace/Users/<me>/.bundle/lakehouse-rag/smoke/files/databricks/ingest_job.py:14
     11 from ingestion.spark.run import main
     13 if __name__ == "__main__":
---> 14     main(sys.argv[1:])

File /local_disk0/.ephemeral_nfs/envs/pythonEnv-0f0da86d-7e07-434e-8093-5d806b5d5886/lib/python3.12/site-packages/ingestion/spark/run.py:48, in main(argv)
     46 try:
     47     for step in args.steps:
---> 48         STEPS[step](spark, settings)
     49 finally:
     50     spark.stop()

File /local_disk0/.ephemeral_nfs/envs/pythonEnv-0f0da86d-7e07-434e-8093-5d806b5d5886/lib/python3.12/site-packages/ingestion/spark/bronze.py:75, in run(spark, settings)
     64 manifests = (
     65     spark.readStream.schema(MANIFEST_DDL)
     66     .option("maxFilesPerTrigger", settings.manifest_files_per_batch)
     67     .json(settings.manifests_path)
     68 )
     69 query = (
     70     manifests.writeStream.trigger(availableNow=True)
     71     .option("checkpointLocation", settings.checkpoint_path("bronze_objects"))
     72     .foreachBatch(lambda batch, _batch_id: merge_batch(batch, table_path, settings))
     73     .start()
     74 )
---> 75 query.awaitTermination()
     76 log.info("bronze up to date: %s", table_path)

File /databricks/python/lib/python3.12/site-packages/pyspark/sql/connect/streaming/query.py:96, in StreamingQuery.awaitTermination(self, timeout)
     94 await_termination_cmd = pb2.StreamingQueryCommand.AwaitTerminationCommand()
     95 cmd.await_termination.CopyFrom(await_termination_cmd)
---> 96 self._execute_streaming_query_cmd(cmd)
     97 return None

File /databricks/python/lib/python3.12/site-packages/pyspark/sql/connect/streaming/query.py:184, in StreamingQuery._execute_streaming_query_cmd(self, cmd)
    182 exec_cmd = pb2.Command()
    183 exec_cmd.streaming_query_command.CopyFrom(cmd)
--> 184 _, properties, _ = self._session.client.execute_command(exec_cmd)
    185 return cast(pb2.StreamingQueryCommandResult, properties["streaming_query_command_result"])

File /databricks/python/lib/python3.12/site-packages/pyspark/sql/connect/client/core.py:1812, in SparkConnectClient.execute_command(self, command, observations, extra_request_metadata)
   1810 req = self._execute_plan_request_with_metadata()
   1811 self._set_command_in_plan(req.plan, command)
-> 1812 data, _, metrics, observed_metrics, properties = self._execute_and_fetch(
   1813     req, observations or {}, extra_request_metadata
   1814 )
   1815 # Create a query execution object.
   1816 ei = ExecutionInfo(metrics, observed_metrics, req.operation_id)

File /databricks/python/lib/python3.12/site-packages/pyspark/sql/connect/client/core.py:2411, in SparkConnectClient._execute_and_fetch(self, req, observations, extra_request_metadata, self_destruct)
   2408 properties: Dict[str, Any] = {}
   2410 with Progress(handlers=self._progress_handlers, operation_id=req.operation_id) as progress:
-> 2411     for response in self._execute_and_fetch_as_iterator(
   2412         req, observations, extra_request_metadata or [], progress=progress
   2413     ):
   2414         if isinstance(response, StructType):
   2415             schema = response

File /databricks/python/lib/python3.12/site-packages/pyspark/sql/connect/client/core.py:2387, in SparkConnectClient._execute_and_fetch_as_iterator(self, req, observations, extra_request_metadata, progress)
   2385     raise kb
   2386 except Exception as error:
-> 2387     self._handle_error(error, req.operation_id)

File /databricks/python/lib/python3.12/site-packages/pyspark/sql/connect/client/core.py:2785, in SparkConnectClient._handle_error(self, error, operation_id)
   2783 try:
   2784     if isinstance(error, grpc.RpcError):
-> 2785         self._handle_rpc_error(error)
   2786     raise error
   2787 except BaseException as handled_error:

File /databricks/python/lib/python3.12/site-packages/pyspark/sql/connect/client/core.py:2882, in SparkConnectClient._handle_rpc_error(self, rpc_error)
   2878             logger.debug(f"Received ErrorInfo: {info}")
   2880             self._handle_rpc_error_with_error_info(info, status.message, status_code)  # EDGE
-> 2882             raise convert_exception(
   2883                 info,
   2884                 status.message,
   2885                 self._fetch_enriched_error(info),
   2886                 self._display_server_stack_trace(),
   2887                 status_code,
   2888             ) from None
   2890     raise SparkConnectGrpcException(
   2891         message=status.message,
   2892         sql_state=ErrorCode.CLIENT_UNEXPECTED_MISSING_SQL_STATE,  # EDGE
   2893         grpc_status_code=status_code,
   2894     ) from None
   2895 else:

File /databricks/python/lib/python3.12/site-packages/databricks/sdk/config.py:834, in init_auth()
    832 def init_auth(self):
    833     try:
--> 834         self._header_factory = self._credentials_strategy(self)
    835         self.auth_type = self._credentials_strategy.auth_type()
    836         if not self._header_factory:

File /databricks/python/lib/python3.12/site-packages/databricks/sdk/credentials_provider.py:1480, in __call__()
   1478         raise ValueError(f"{auth_type}: {e}") from e
   1479 auth_flow_url = "https://docs.databricks.com/en/dev-tools/auth.html#databricks-client-unified-authentication"
-> 1480 raise ValueError(
   1481     f"cannot configure default credentials, please check {auth_flow_url} to configure credentials for your preferred authentication method."
   1482 )

StreamingQueryException: [STREAM_FAILED] Query [id = 60afcb9a-4e7d-4bfb-b50a-b083bb06325a, runId = 7e1ccaea-4a4c-470d-9586-ce60f5142c3f] terminated with exception: [PYTHON_EXCEPTION] [root session: 0db8dc16-a538-4ee8-9f56-8d04c0c6d565][cloned session: 388a27d2-6e53-49bf-8bb4-8c2ac277e00e][userId: 73050449987489] Found error inside foreachBatch Python process: Traceback (most recent call last):
  File "/databricks/python/lib/python3.12/site-packages/databricks/sdk/config.py", line 834, in init_auth
    self._header_factory = self._credentials_strategy(self)
                           ^^^^^^^^^^^^^^^^^^^^^^^^^^^^^^^^
  File "/databricks/python/lib/python3.12/site-packages/databricks/sdk/credentials_provider.py", line 1480, in __call__
    raise ValueError(
ValueError: cannot configure default credentials, please check https://docs.databricks.com/en/dev-tools/auth.html#databricks-client-unified-authentication to configure credentials for your preferred authentication method.

The above exception was the direct cause of the following exception:

Traceback (most recent call last):
  File "/databricks/python/lib/python3.12/site-packages/databricks/sdk/config.py", line 323, in __init__
    self.init_auth()
  File "/databricks/python/lib/python3.12/site-packages/databricks/sdk/config.py", line 839, in init_auth
    raise ValueError(f"{self._credentials_strategy.auth_type()} auth: {e}") from e
ValueError: default auth: cannot configure default credentials, please check https://docs.databricks.com/en/dev-tools/auth.html#databricks-client-unified-authentication to configure credentials for your preferred authentication method.

The above exception was the direct cause of the following exception:

Traceback (most recent call last):
  File "/databricks/spark/python/_engine_pyspark.zip/_engine_pyspark/sql/connect/streaming/worker/foreach_batch_worker.py", line 173, in main
    process(df_ref_id, int(batch_id))
  File "/databricks/spark/python/_engine_pyspark.zip/_engine_pyspark/sql/connect/streaming/worker/foreach_batch_worker.py", line 77, in process
    func(batch_df, batch_id)
  File "/local_disk0/.ephemeral_nfs/envs/pythonEnv-0f0da86d-7e07-434e-8093-5d806b5d5886/lib/python3.12/site-packages/ingestion/spark/bronze.py", line 72, in <lambda>
  File "/local_disk0/.ephemeral_nfs/envs/pythonEnv-6e3d2c16-21f4-4ee0-9eae-3477301249bd/lib/python3.12/site-packages/ingestion/spark/bronze.py", line 39, in merge_batch
    service_credentials(settings.service_credential, settings.region)
  File "/local_disk0/.ephemeral_nfs/envs/pythonEnv-6e3d2c16-21f4-4ee0-9eae-3477301249bd/lib/python3.12/site-packages/ingestion/spark/objects.py", line 51, in service_credentials
    from databricks.sdk.runtime import dbutils  # type: ignore[import-not-found,unused-ignore]
    ^^^^^^^^^^^^^^^^^^^^^^^^^^^^^^^^^^^^^^^^^^
  File "/databricks/python/lib/python3.12/site-packages/databricks/sdk/runtime/__init__.py", line 214, in <module>
    dbutils = RemoteDbUtils()
              ^^^^^^^^^^^^^^^
  File "/databricks/python/lib/python3.12/site-packages/databricks/sdk/dbutils.py", line 216, in __init__
    self._config = Config() if not config else config.copy()
                   ^^^^^^^^
  File "/databricks/python/lib/python3.12/site-packages/databricks/sdk/config.py", line 327, in __init__
    raise ValueError(message) from e
ValueError: default auth: cannot configure default credentials, please check https://docs.databricks.com/en/dev-tools/auth.html#databricks-client-unified-authentication to configure credentials for your preferred authentication method.
 SQLSTATE: 38000 SQLSTATE: XXKST
=== Streaming Query ===
Identifier: [id = 60afcb9a-4e7d-4bfb-b50a-b083bb06325a, runId = 7e1ccaea-4a4c-470d-9586-ce60f5142c3f]
Current Start Offsets: {}
Current End Offsets: {FileStreamSource[s3://larkspur-smoke-lake/manifests]: {"logOffset":0}}

Current State: ACTIVE
Thread State: RUNNABLE

Logical Plan:
~WriteToMicroBatchDataSourceV1 ForeachBatchSink, 60afcb9a-4e7d-4bfb-b50a-b083bb06325a, [checkpointLocation=s3://larkspur-smoke-lake/_checkpoints/bronze_objects], Append
+- ~StreamingExecutionRelation FileStreamSource[s3://larkspur-smoke-lake/manifests], [manifest_version#10194, event_id#10195, event_type#10196, event_name#10197, bucket#10198, key#10199, version_id#10200, etag#10201, size#10202L, event_time#10203, sequencer#10204, sort_key#10205, content_type#10206, doc_id#10207, source_type#10208, title#10209, owner#10210, allowed_groups#10211, source_updated_at#10212, metadata#10213, registered_at#10214, dt#10215], name=<Unassigned>


Physical Plan:
PhotonResultStage
+- PhotonColumnarToRow
   +- PhotonJsonScan json [manifest_version#10240,event_id#10241,event_type#10242,event_name#10243,bucket#10244,key#10245,version_id#10246,etag#10247,size#10248L,event_time#10249,sequencer#10250,sort_key#10251,content_type#10252,doc_id#10253,source_type#10254,title#10255,owner#10256,allowed_groups#10257,source_updated_at#10258,metadata#10259,registered_at#10260,dt#10261] Batched: true, DataFilters: [], Format: JSON, Location: InMemoryFileIndex(157 paths)[s3://larkspur-smoke-lake/manifests/dt=2026-10-08/9d5c307d883168964d8..., PartitionFilters: [], PushedFilters: [], ReadSchema: struct<manifest_version:int,event_id:string,event_type:string,event_name:string,bucket:string,key...


JVM stacktrace:
org.apache.spark.sql.streaming.StreamingQueryException
	at org.apache.spark.sql.execution.streaming.runtime.StreamExecution.$anonfun$runStream$1(StreamExecution.scala:898)
	at scala.runtime.java8.JFunction0$mcV$sp.apply(JFunction0$mcV$sp.scala:18)
	at com.databricks.logging.AttributionContextTracing.$anonfun$withAttributionContext$1(AttributionContextTracing.scala:146)
	at com.databricks.logging.AttributionContext$.withValue(AttributionContext.scala:354)
	at com.databricks.logging.AttributionContextTracing.withAttributionContext(AttributionContextTracing.scala:144)
	at com.databricks.logging.AttributionContextTracing.withAttributionContext$(AttributionContextTracing.scala:141)
	at com.databricks.spark.util.PublicDBLogging.withAttributionContext(DatabricksSparkUsageLogger.scala:32)
	at com.databricks.logging.AttributionContextTracing.withAttributionTags(AttributionContextTracing.scala:201)
	at com.databricks.logging.AttributionContextTracing.withAttributionTags$(AttributionContextTracing.scala:182)
	at com.databricks.spark.util.PublicDBLogging.withAttributionTags(DatabricksSparkUsageLogger.scala:32)
	at com.databricks.spark.util.PublicDBLogging.withAttributionTags0(DatabricksSparkUsageLogger.scala:108)
	at com.databricks.spark.util.DatabricksSparkUsageLogger.withAttributionTags(DatabricksSparkUsageLogger.scala:279)
	at com.databricks.spark.util.UsageLogging.$anonfun$withAttributionTags$1(UsageLogger.scala:668)
	at com.databricks.spark.util.UsageLogging$.withAttributionTags(UsageLogger.scala:780)
	at com.databricks.spark.util.UsageLogging$.withAttributionTags(UsageLogger.scala:789)
	at com.databricks.spark.util.UsageLogging.withAttributionTags(UsageLogger.scala:668)
	at com.databricks.spark.util.UsageLogging.withAttributionTags$(UsageLogger.scala:666)
	at org.apache.spark.sql.execution.streaming.runtime.StreamExecution.withAttributionTags(StreamExecution.scala:154)
	at org.apache.spark.sql.execution.streaming.runtime.StreamExecution.org$apache$spark$sql$execution$streaming$runtime$StreamExecution$$runStream(StreamExecution.scala:656)
	at org.apache.spark.sql.execution.streaming.runtime.StreamExecution$$anon$1.$anonfun$run$2(StreamExecution.scala:543)
	at scala.runtime.java8.JFunction0$mcV$sp.apply(JFunction0$mcV$sp.scala:18)
	at com.databricks.unity.UCSEphemeralState$Handle.runWith(UCSEphemeralState.scala:51)
	at com.databricks.unity.HandleImpl.runWith(UCSHandle.scala:130)
	at com.databricks.unity.HandleImpl.$anonfun$runWithAndClose$1(UCSHandle.scala:139)
	at scala.util.Using$.resource(Using.scala:296)
	at com.databricks.unity.HandleImpl.runWithAndClose(UCSHandle.scala:138)
	at org.apache.spark.sql.execution.streaming.runtime.StreamExecution$$anon$1.run(StreamExecution.scala:543)
Caused by: org.apache.spark.api.python.PythonException: [PYTHON_EXCEPTION] [root session: 0db8dc16-a538-4ee8-9f56-8d04c0c6d565][cloned session: 388a27d2-6e53-49bf-8bb4-8c2ac277e00e][userId: 73050449987489] Found error inside foreachBatch Python process: Traceback (most recent call last):
  File "/databricks/python/lib/python3.12/site-packages/databricks/sdk/config.py", line 834, in init_auth
    self._header_factory = self._credentials_strategy(self)
                           ^^^^^^^^^^^^^^^^^^^^^^^^^^^^^^^^
  File "/databricks/python/lib/python3.12/site-packages/databricks/sdk/credentials_provider.py", line 1480, in __call__
    raise ValueError(
ValueError: cannot configure default credentials, please check https://docs.databricks.com/en/dev-tools/auth.html#databricks-client-unified-authentication to configure credentials for your preferred authentication method.

The above exception was the direct cause of the following exception:

Traceback (most recent call last):
  File "/databricks/python/lib/python3.12/site-packages/databricks/sdk/config.py", line 323, in __init__
    self.init_auth()
  File "/databricks/python/lib/python3.12/site-packages/databricks/sdk/config.py", line 839, in init_auth
    raise ValueError(f"{self._credentials_strategy.auth_type()} auth: {e}") from e
ValueError: default auth: cannot configure default credentials, please check https://docs.databricks.com/en/dev-tools/auth.html#databricks-client-unified-authentication to configure credentials for your preferred authentication method.

The above exception was the direct cause of the following exception:

Traceback (most recent call last):
  File "/databricks/spark/python/_engine_pyspark.zip/_engine_pyspark/sql/connect/streaming/worker/foreach_batch_worker.py", line 173, in main
    process(df_ref_id, int(batch_id))
  File "/databricks/spark/python/_engine_pyspark.zip/_engine_pyspark/sql/connect/streaming/worker/foreach_batch_worker.py", line 77, in process
    func(batch_df, batch_id)
  File "/local_disk0/.ephemeral_nfs/envs/pythonEnv-0f0da86d-7e07-434e-8093-5d806b5d5886/lib/python3.12/site-packages/ingestion/spark/bronze.py", line 72, in <lambda>
  File "/local_disk0/.ephemeral_nfs/envs/pythonEnv-6e3d2c16-21f4-4ee0-9eae-3477301249bd/lib/python3.12/site-packages/ingestion/spark/bronze.py", line 39, in merge_batch
    service_credentials(settings.service_credential, settings.region)
  File "/local_disk0/.ephemeral_nfs/envs/pythonEnv-6e3d2c16-21f4-4ee0-9eae-3477301249bd/lib/python3.12/site-packages/ingestion/spark/objects.py", line 51, in service_credentials
    from databricks.sdk.runtime import dbutils  # type: ignore[import-not-found,unused-ignore]
    ^^^^^^^^^^^^^^^^^^^^^^^^^^^^^^^^^^^^^^^^^^
  File "/databricks/python/lib/python3.12/site-packages/databricks/sdk/runtime/__init__.py", line 214, in <module>
    dbutils = RemoteDbUtils()
              ^^^^^^^^^^^^^^^
  File "/databricks/python/lib/python3.12/site-packages/databricks/sdk/dbutils.py", line 216, in __init__
    self._config = Config() if not config else config.copy()
                   ^^^^^^^^
  File "/databricks/python/lib/python3.12/site-packages/databricks/sdk/config.py", line 327, in __init__
    raise ValueError(message) from e
ValueError: default auth: cannot configure default credentials, please check https://docs.databricks.com/en/dev-tools/auth.html#databricks-client-unified-authentication to configure credentials for your preferred authentication method.
 SQLSTATE: 38000
	at org.apache.spark.sql.connect.planner.StreamingForeachBatchHelper$.$anonfun$pythonForeachBatchWrapper$19(StreamingForeachBatchHelper.scala:632)
	at org.apache.spark.sql.connect.planner.StreamingForeachBatchHelper$.$anonfun$pythonForeachBatchWrapper$19$adapted(StreamingForeachBatchHelper.scala:601)
	at org.apache.spark.sql.connect.planner.StreamingForeachBatchHelper$.$anonfun$dataFrameCachingWrapper$1(StreamingForeachBatchHelper.scala:214)
	at org.apache.spark.sql.connect.planner.StreamingForeachBatchHelper$.$anonfun$dataFrameCachingWrapper$1$adapted(StreamingForeachBatchHelper.scala:194)
	at org.apache.spark.sql.execution.streaming.sources.ForeachBatchSink.callBatchWriter(ForeachBatchSink.scala:239)
	at org.apache.spark.sql.execution.streaming.sources.ForeachBatchSink.addBatchOptimized(ForeachBatchSink.scala:411)
	at org.apache.spark.sql.execution.streaming.sources.ForeachBatchSink.$anonfun$addBatch$4(ForeachBatchSink.scala:149)
	at scala.runtime.java8.JFunction0$mcV$sp.apply(JFunction0$mcV$sp.scala:18)
	at org.apache.spark.util.Utils$.timeTakenMs(Utils.scala:599)
	at org.apache.spark.sql.execution.streaming.sources.ForeachBatchSink.addBatch(ForeachBatchSink.scala:132)
	at org.apache.spark.sql.execution.streaming.runtime.MicroBatchExecution.$anonfun$addBatch$4(MicroBatchExecution.scala:3672)
	at scala.runtime.java8.JFunction0$mcV$sp.apply(JFunction0$mcV$sp.scala:18)
	at org.apache.spark.sql.execution.streaming.StructuredApiLogger$.logApiEvent(SupportsStructuredApiLogging.scala:226)
	at org.apache.spark.sql.execution.streaming.runtime.MicroBatchExecution.addBatch(MicroBatchExecution.scala:3672)
	at org.apache.spark.sql.execution.streaming.runtime.MicroBatchExecution.$anonfun$runBatch$38(MicroBatchExecution.scala:4367)
	at scala.runtime.java8.JFunction0$mcV$sp.apply(JFunction0$mcV$sp.scala:18)
	at com.databricks.spark.util.FrameProfiler$.$anonfun$record$1(FrameProfiler.scala:114)
	at com.databricks.spark.util.FrameProfilerExporter$.maybeExportFrameProfiler(FrameProfilerExporter.scala:201)
	at com.databricks.spark.util.FrameProfiler$.record(FrameProfiler.scala:105)
	at org.apache.spark.sql.execution.streaming.runtime.ProgressContext.reportTimeTaken(ProgressReporter.scala:364)
	at org.apache.spark.sql.execution.streaming.runtime.MicroBatchExecution.$anonfun$markAndTimeCollectBatch$1(MicroBatchExecution.scala:3690)
	at org.apache.spark.sql.execution.streaming.runtime.StreamingQueryBatchActivityRecorder.recordPhase(StreamingQueryBatchActivityRecorder.scala:50)
	at org.apache.spark.sql.execution.streaming.runtime.MicroBatchExecution.markAndTimeCollectBatch(MicroBatchExecution.scala:3689)
	at org.apache.spark.sql.execution.streaming.runtime.MicroBatchExecution.$anonfun$runBatch$37(MicroBatchExecution.scala:4367)
	at org.apache.spark.sql.execution.SQLExecution$.$anonfun$withNewExecutionId0$23(SQLExecution.scala:1309)
	at com.databricks.sql.util.MemoryTrackerHelper.withMemoryTracking(MemoryTrackerHelper.scala:111)
	at org.apache.spark.sql.execution.SQLExecution$.$anonfun$withNewExecutionId0$20(SQLExecution.scala:1225)
	at com.databricks.unity.UCSManager$.withTemporaryScope(UCSManager.scala:168)
	at org.apache.spark.sql.execution.SQLExecution$.$anonfun$withNewExecutionId0$19(SQLExecution.scala:1114)
	at org.apache.spark.sql.execution.SQLExecution$.withSessionTagsApplied(SQLExecution.scala:1989)
	at org.apache.spark.sql.execution.SQLExecution$.$anonfun$withNewExecutionId0$18(SQLExecution.scala:1103)
	at org.apache.spark.JobArtifactSet$.withActiveJobArtifactState(JobArtifactSet.scala:97)
	at org.apache.spark.sql.artifact.ArtifactManager.$anonfun$withResources$1(ArtifactManager.scala:124)
	at org.apache.spark.sql.artifact.ArtifactManager.withClassLoaderIfNeeded(ArtifactManager.scala:118)
	at org.apache.spark.sql.artifact.ArtifactManager.withResources(ArtifactManager.scala:123)
	at org.apache.spark.sql.execution.SQLExecution$.$anonfun$withNewExecutionId0$17(SQLExecution.scala:1103)
	at org.apache.spark.sql.execution.SQLExecution$.withSQLConfPropagated(SQLExecution.scala:2024)
	at org.apache.spark.sql.execution.SQLExecution$.$anonfun$withNewExecutionId0$1(SQLExecution.scala:1102)
	at org.apache.spark.sql.SparkSession.withActive(SparkSession.scala:866)
	at org.apache.spark.sql.execution.SQLExecution$.withNewExecutionId0(SQLExecution.scala:823)
	at org.apache.spark.sql.execution.SQLExecution$.withNewExecutionId(SQLExecution.scala:1942)
	at org.apache.spark.sql.execution.streaming.runtime.MicroBatchExecution.withSQLExecutionContext$1(MicroBatchExecution.scala:4354)
	at org.apache.spark.sql.execution.streaming.runtime.MicroBatchExecution.$anonfun$runBatch$35(MicroBatchExecution.scala:4358)
	at com.databricks.spark.util.FrameProfiler$.$anonfun$record$1(FrameProfiler.scala:114)
	at com.databricks.spark.util.FrameProfilerExporter$.maybeExportFrameProfiler(FrameProfilerExporter.scala:201)
	at com.databricks.spark.util.FrameProfiler$.record(FrameProfiler.scala:105)
	at org.apache.spark.sql.execution.streaming.runtime.ProgressContext.reportTimeTaken(ProgressReporter.scala:364)
	at org.apache.spark.sql.execution.streaming.runtime.MicroBatchExecutionContext.$anonfun$reportTimeTakenAndRecordPhase$1(StreamExecutionContext.scala:279)
	at org.apache.spark.sql.execution.streaming.runtime.StreamingQueryBatchActivityRecorder.recordPhase(StreamingQueryBatchActivityRecorder.scala:50)
	at org.apache.spark.sql.execution.streaming.runtime.MicroBatchExecutionContext.reportTimeTakenAndRecordPhase(StreamExecutionContext.scala:279)
	at org.apache.spark.sql.execution.streaming.runtime.MicroBatchExecution.runBatch(MicroBatchExecution.scala:4329)
	at org.apache.spark.sql.execution.streaming.runtime.MicroBatchExecution.$anonfun$executeOneBatch$8(MicroBatchExecution.scala:2518)
	at org.apache.spark.sql.execution.streaming.runtime.MicroBatchExecution.handleDataSourceException(MicroBatchExecution.scala:5390)
	at org.apache.spark.sql.execution.streaming.runtime.MicroBatchExecution.$anonfun$executeOneBatch$7(MicroBatchExecution.scala:2518)
	at org.apache.spark.sql.execution.streaming.runtime.MicroBatchExecution.withSchemaEvolution(MicroBatchExecution.scala:5335)
	at org.apache.spark.sql.execution.streaming.runtime.MicroBatchExecution.$anonfun$executeOneBatch$4(MicroBatchExecution.scala:2514)
	at scala.runtime.java8.JFunction0$mcV$sp.apply(JFunction0$mcV$sp.scala:18)
	at com.databricks.spark.util.FrameProfiler$.$anonfun$record$1(FrameProfiler.scala:114)
	at com.databricks.spark.util.FrameProfilerExporter$.maybeExportFrameProfiler(FrameProfilerExporter.scala:201)
	at com.databricks.spark.util.FrameProfiler$.record(FrameProfiler.scala:105)
	at org.apache.spark.sql.execution.streaming.runtime.ProgressContext.reportTimeTaken(ProgressReporter.scala:364)
	at org.apache.spark.sql.execution.streaming.runtime.MicroBatchExecution.$anonfun$executeOneBatch$3(MicroBatchExecution.scala:2438)
	at scala.runtime.java8.JFunction0$mcV$sp.apply(JFunction0$mcV$sp.scala:18)
	at com.databricks.logging.AttributionContextTracing.$anonfun$withAttributionContext$1(AttributionContextTracing.scala:146)
	at com.databricks.logging.AttributionContext$.withValue(AttributionContext.scala:354)
	at com.databricks.logging.AttributionContextTracing.withAttributionContext(AttributionContextTracing.scala:144)
	at com.databricks.logging.AttributionContextTracing.withAttributionContext$(AttributionContextTracing.scala:141)
	at com.databricks.spark.util.PublicDBLogging.withAttributionContext(DatabricksSparkUsageLogger.scala:32)
	at com.databricks.logging.AttributionContextTracing.withAttributionTags(AttributionContextTracing.scala:201)
	at com.databricks.logging.AttributionContextTracing.withAttributionTags$(AttributionContextTracing.scala:182)
	at com.databricks.spark.util.PublicDBLogging.withAttributionTags(DatabricksSparkUsageLogger.scala:32)
	at com.databricks.spark.util.PublicDBLogging.withAttributionTags0(DatabricksSparkUsageLogger.scala:108)
	at com.databricks.spark.util.DatabricksSparkUsageLogger.withAttributionTags(DatabricksSparkUsageLogger.scala:279)
	at com.databricks.spark.util.UsageLogging.$anonfun$withAttributionTags$1(UsageLogger.scala:668)
	at com.databricks.spark.util.UsageLogging$.withAttributionTags(UsageLogger.scala:780)
	at com.databricks.spark.util.UsageLogging$.withAttributionTags(UsageLogger.scala:789)
	at com.databricks.spark.util.UsageLogging.withAttributionTags(UsageLogger.scala:668)
	at com.databricks.spark.util.UsageLogging.withAttributionTags$(UsageLogger.scala:666)
	at org.apache.spark.sql.execution.streaming.runtime.StreamExecution.withAttributionTags(StreamExecution.scala:154)
	at org.apache.spark.sql.execution.streaming.runtime.MicroBatchExecution.executeOneBatch(MicroBatchExecution.scala:2431)
	at org.apache.spark.sql.execution.streaming.runtime.MicroBatchExecution.$anonfun$executeOneBatchWithDowngradeHandling$1(MicroBatchExecution.scala:2378)
	at scala.runtime.java8.JFunction0$mcZ$sp.apply(JFunction0$mcZ$sp.scala:17)
	at com.databricks.util.LexicalThreadLocal$Handle.runWith(LexicalThreadLocal.scala:63)
	at org.apache.spark.sql.execution.streaming.runtime.StreamExecution.withMicroBatchUcCache(StreamExecution.scala:500)
	at org.apache.spark.sql.execution.streaming.runtime.MicroBatchExecution.executeOneBatchWithDowngradeHandling(MicroBatchExecution.scala:2377)
	at org.apache.spark.sql.execution.streaming.runtime.MicroBatchExecution.$anonfun$runActivatedStreamWithListener$1(MicroBatchExecution.scala:2365)
	at org.apache.spark.sql.execution.streaming.runtime.MicroBatchExecution.$anonfun$runActivatedStreamWithListener$1$adapted(MicroBatchExecution.scala:2365)
	at org.apache.spark.sql.execution.streaming.runtime.TriggerExecutor.runOneBatch(TriggerExecutor.scala:86)
	at org.apache.spark.sql.execution.streaming.runtime.TriggerExecutor.runOneBatch$(TriggerExecutor.scala:74)
	at org.apache.spark.sql.execution.streaming.runtime.MultiBatchExecutor.runOneBatch(TriggerExecutor.scala:112)
	at org.apache.spark.sql.execution.streaming.runtime.MultiBatchExecutor.execute(TriggerExecutor.scala:120)
	at org.apache.spark.sql.execution.streaming.runtime.MicroBatchExecution.runActivatedStreamWithListener(MicroBatchExecution.scala:2365)
	at org.apache.spark.sql.execution.streaming.runtime.MicroBatchExecution.runActivatedStream(MicroBatchExecution.scala:1139)
	at org.apache.spark.sql.execution.streaming.runtime.StreamExecution.$anonfun$runStream$2(StreamExecution.scala:801)
	at scala.runtime.java8.JFunction0$mcV$sp.apply(JFunction0$mcV$sp.scala:18)
	at org.apache.spark.sql.SparkSession.withActive(SparkSession.scala:866)
	at org.apache.spark.sql.execution.streaming.runtime.StreamExecution.$anonfun$runStream$1(StreamExecution.scala:712)
	at scala.runtime.java8.JFunction0$mcV$sp.apply(JFunction0$mcV$sp.scala:18)
	at com.databricks.logging.AttributionContextTracing.$anonfun$withAttributionContext$1(AttributionContextTracing.scala:146)
	at com.databricks.logging.AttributionContext$.withValue(AttributionContext.scala:354)
	at com.databricks.logging.AttributionContextTracing.withAttributionContext(AttributionContextTracing.scala:144)
	at com.databricks.logging.AttributionContextTracing.withAttributionContext$(AttributionContextTracing.scala:141)
	at com.databricks.spark.util.PublicDBLogging.withAttributionContext(DatabricksSparkUsageLogger.scala:32)
	at com.databricks.logging.AttributionContextTracing.withAttributionTags(AttributionContextTracing.scala:201)
	at com.databricks.logging.AttributionContextTracing.withAttributionTags$(AttributionContextTracing.scala:182)
	at com.databricks.spark.util.PublicDBLogging.withAttributionTags(DatabricksSparkUsageLogger.scala:32)
	at com.databricks.spark.util.PublicDBLogging.withAttributionTags0(DatabricksSparkUsageLogger.scala:108)
	at com.databricks.spark.util.DatabricksSparkUsageLogger.withAttributionTags(DatabricksSparkUsageLogger.scala:279)
	at com.databricks.spark.util.UsageLogging.$anonfun$withAttributionTags$1(UsageLogger.scala:668)
	at com.databricks.spark.util.UsageLogging$.withAttributionTags(UsageLogger.scala:780)
	at com.databricks.spark.util.UsageLogging$.withAttributionTags(UsageLogger.scala:789)
	at com.databricks.spark.util.UsageLogging.withAttributionTags(UsageLogger.scala:668)
	at com.databricks.spark.util.UsageLogging.withAttributionTags$(UsageLogger.scala:666)
	at org.apache.spark.sql.execution.streaming.runtime.StreamExecution.withAttributionTags(StreamExecution.scala:154)
	at org.apache.spark.sql.execution.streaming.runtime.StreamExecution.org$apache$spark$sql$execution$streaming$runtime$StreamExecution$$runStream(StreamExecution.scala:656)
	at org.apache.spark.sql.execution.streaming.runtime.StreamExecution$$anon$1.$anonfun$run$2(StreamExecution.scala:543)
	at scala.runtime.java8.JFunction0$mcV$sp.apply(JFunction0$mcV$sp.scala:18)
	at com.databricks.unity.UCSEphemeralState$Handle.runWith(UCSEphemeralState.scala:51)
	at com.databricks.unity.HandleImpl.runWith(UCSHandle.scala:130)
	at com.databricks.unity.HandleImpl.$anonfun$runWithAndClose$1(UCSHandle.scala:139)
	at scala.util.Using$.resource(Using.scala:296)
	at com.databricks.unity.HandleImpl.runWithAndClose(UCSHandle.scala:138)
	at org.apache.spark.sql.execution.streaming.runtime.StreamExecution$$anon$1.run(StreamExecution.scala:543)

Error: Task bronze failed!
Error:
[STREAM_FAILED] Query [id = 60afcb9a-4e7d-4bfb-b50a-b083bb06325a, runId = 7e1ccaea-4a4c-470d-9586-ce60f5142c3f] terminated with exception: [PYTHON_EXCEPTION] [root session: 0db8dc16-a538-4ee8-9f56-8d04c0c6d565][cloned session: 388a27d2-6e53-49bf-8bb4-8c2ac277e00e][userId: 73050449987489] Found error inside foreachBatch Python process: Traceback (most recent call last):
  File "/databricks/python/lib/python3.12/site-packages/databricks/sdk/config.py", line 834, in init_auth
    self._header_factory = self._credentials_strategy(self)
                           ^^^^^^^^^^^^^^^^^^^^^^^^^^^^^^^^
  File "/databricks/python/lib/python3.12/site-packages/databricks/sdk/credentials_provider.py", line 1480, in __call__
    raise ValueError(
ValueError: cannot configure default credentials, please check https://docs.databricks.com/en/dev-tools/auth.html#databricks-client-unified-authentication to configure credentials for your preferred authentication method.

The above exception was the direct cause of the following exception:

Traceback (most recent call last):
  File "/databricks/python/lib/python3.12/site-packages/databricks/sdk/config.py", line 323, in __init__
    self.init_auth()
  File "/databricks/python/lib/python3.12/site-packages/databricks/sdk/config.py", line 839, in init_auth
    raise ValueError(f"{self._credentials_strategy.auth_type()} auth: {e}") from e
ValueError: default auth: cannot configure default credentials, please check https://docs.databricks.com/en/dev-tools/auth.html#databricks-client-unified-authentication to configure credentials for your preferred authentication method.

The above exception was the direct cause of the following exception:

Traceback (most recent call last):
  File "/databricks/spark/python/_engine_pyspark.zip/_engine_pyspark/sql/connect/streaming/worker/foreach_batch_worker.py", line 173, in main
    process(df_ref_id, int(batch_id))
  File "/databricks/spark/python/_engine_pyspark.zip/_engine_pyspark/sql/connect/streaming/worker/foreach_batch_worker.py", line 77, in process
    func(batch_df, batch_id)
  File "/local_disk0/.ephemeral_nfs/envs/pythonEnv-0f0da86d-7e07-434e-8093-5d806b5d5886/lib/python3.12/site-packages/ingestion/spark/bronze.py", line 72, in 
  File "/local_disk0/.ephemeral_nfs/envs/pythonEnv-6e3d2c16-21f4-4ee0-9eae-3477301249bd/lib/python3.12/site-packages/ingestion/spark/bronze.py", line 39, in merge_batch
    service_credentials(settings.service_credential, settings.region)
  File "/local_disk0/.ephemeral_nfs/envs/pythonEnv-6e3d2c16-21f4-4ee0-9eae-3477301249bd/lib/python3.12/site-packages/ingestion/spark/objects.py", line 51, in service_credentials
    from databricks.sdk.runtime import dbutils  # type: ignore[import-not-found,unused-ignore]
    ^^^^^^^^^^^^^^^^^^^^^^^^^^^^^^^^^^^^^^^^^^
  File "/databricks/python/lib/python3.12/site-packages/databricks/sdk/runtime/__init__.py", line 214, in 
    dbutils = RemoteDbUtils()
              ^^^^^^^^^^^^^^^
  File "/databricks/python/lib/python3.12/site-packages/databricks/sdk/dbutils.py", line 216, in __init__
    self._config = Config() if not config else config.copy()
                   ^^^^^^^^
  File "/databricks/python/lib/python3.12/site-packages/databricks/sdk/config.py", line 327, in __init__
    raise ValueError(message) from e
ValueError: default auth: cannot configure default credentials, please check https://docs.databricks.com/en/dev-tools/auth.html#databricks-client-unified-authentication to configure credentials for your preferred authentication method.
 SQLSTATE: 38000 SQLSTATE: XXKST
=== Streaming Query ===
Identifier: [id = 60afcb9a-4e7d-4bfb-b50a-b083bb06325a, runId = 7e1ccaea-4a4c-470d-9586-ce60f5142c3f]
Current Start Offsets: {}
Current End Offsets: {FileStreamSource[s3://larkspur-smoke-lake/manifests]: {"logOffset":0}}

Current State: ACTIVE
Thread State: RUNNABLE

Logical Plan:
~WriteToMicroBatchDataSourceV1 ForeachBatchSink, 60afcb9a-4e7d-4bfb-b50a-b083bb06325a, [checkpointLocation=s3://larkspur-smoke-lake/_checkpoints/bronze_objects], Append
+- ~StreamingExecutionRelation FileStreamSource[s3://larkspur-smoke-lake/manifests], [manifest_version#10194, event_id#10195, event_type#10196, event_name#10197, bucket#10198, key#10199, version_id#10200, etag#10201, size#10202L, event_time#10203, sequencer#10204, sort_key#10205, content_type#10206, doc_id#10207, source_type#10208, title#10209, owner#10210, allowed_groups#10211, source_updated_at#10212, metadata#10213, registered_at#10214, dt#10215], name=


Physical Plan:
PhotonResultStage
+- PhotonColumnarToRow
   +- PhotonJsonScan json [manifest_version#10240,event_id#10241,event_type#10242,event_name#10243,bucket#10244,key#10245,version_id#10246,etag#10247,size#10248L,event_time#10249,sequencer#10250,sort_key#10251,content_type#10252,doc_id#10253,source_type#10254,title#10255,owner#10256,allowed_groups#10257,source_updated_at#10258,metadata#10259,registered_at#10260,dt#10261] Batched: true, DataFilters: [], Format: JSON, Location: InMemoryFileIndex(157 paths)[s3://larkspur-smoke-lake/manifests/dt=2026-10-08/9d5c307d883168964d8..., PartitionFilters: [], PushedFilters: [], ReadSchema: struct
  File "/local_disk0/.ephemeral_nfs/envs/pythonEnv-6e3d2c16-21f4-4ee0-9eae-3477301249bd/lib/python3.12/site-packages/ingestion/spark/bronze.py", line 39, in merge_batch
    service_credentials(settings.service_credential, settings.region)
  File "/local_disk0/.ephemeral_nfs/envs/pythonEnv-6e3d2c16-21f4-4ee0-9eae-3477301249bd/lib/python3.12/site-packages/ingestion/spark/objects.py", line 51, in service_credentials
    from databricks.sdk.runtime import dbutils  # type: ignore[import-not-found,unused-ignore]
    ^^^^^^^^^^^^^^^^^^^^^^^^^^^^^^^^^^^^^^^^^^
  File "/databricks/python/lib/python3.12/site-packages/databricks/sdk/runtime/__init__.py", line 214, in 
    dbutils = RemoteDbUtils()
              ^^^^^^^^^^^^^^^
  File "/databricks/python/lib/python3.12/site-packages/databricks/sdk/dbutils.py", line 216, in __init__
    self._config = Config() if not config else config.copy()
                   ^^^^^^^^
  File "/databricks/python/lib/python3.12/site-packages/databricks/sdk/config.py", line 327, in __init__
    raise ValueError(message) from e
ValueError: default auth: cannot configure default credentials, please check https://docs.databricks.com/en/dev-tools/auth.html#databricks-client-unified-authentication to configure credentials for your preferred authentication method.
 SQLSTATE: 38000
	at org.apache.spark.sql.connect.planner.StreamingForeachBatchHelper$.$anonfun$pythonForeachBatchWrapper$19(StreamingForeachBatchHelper.scala:632)
	at org.apache.spark.sql.connect.planner.StreamingForeachBatchHelper$.$anonfun$pythonForeachBatchWrapper$19$adapted(StreamingForeachBatchHelper.scala:601)
	at org.apache.spark.sql.connect.planner.StreamingForeachBatchHelper$.$anonfun$dataFrameCachingWrapper$1(StreamingForeachBatchHelper.scala:214)
	at org.apache.spark.sql.connect.planner.StreamingForeachBatchHelper$.$anonfun$dataFrameCachingWrapper$1$adapted(StreamingForeachBatchHelper.scala:194)
	at org.apache.spark.sql.execution.streaming.sources.ForeachBatchSink.callBatchWriter(ForeachBatchSink.scala:239)
	at org.apache.spark.sql.execution.streaming.sources.ForeachBatchSink.addBatchOptimized(ForeachBatchSink.scala:411)
	at org.apache.spark.sql.execution.streaming.sources.ForeachBatchSink.$anonfun$addBatch$4(ForeachBatchSink.scala:149)
	at scala.runtime.java8.JFunction0$mcV$sp.apply(JFunction0$mcV$sp.scala:18)
	at org.apache.spark.util.Utils$.timeTakenMs(Utils.scala:599)
	at org.apache.spark.sql.execution.streaming.sources.ForeachBatchSink.addBatch(ForeachBatchSink.scala:132)
	at org.apache.spark.sql.execution.streaming.runtime.MicroBatchExecution.$anonfun$addBatch$4(MicroBatchExecution.scala:3672)
	at scala.runtime.java8.JFunction0$mcV$sp.apply(JFunction0$mcV$sp.scala:18)
	at org.apache.spark.sql.execution.streaming.StructuredApiLogger$.logApiEvent(SupportsStructuredApiLogging.scala:226)
	at org.apache.spark.sql.execution.streaming.runtime.MicroBatchExecution.addBatch(MicroBatchExecution.scala:3672)
	at org.apache.spark.sql.execution.streaming.runtime.MicroBatchExecution.$anonfun$runBatch$38(MicroBatchExecution.scala:4367)
	at scala.runtime.java8.JFunction0$mcV$sp.apply(JFunction0$mcV$sp.scala:18)
	at com.databricks.spark.util.FrameProfiler$.$anonfun$record$1(FrameProfiler.scala:114)
	at com.databricks.spark.util.FrameProfilerExporter$.maybeExportFrameProfiler(FrameProfilerExporter.scala:201)
	at com.databricks.spark.util.FrameProfiler$.record(FrameProfiler.scala:105)
	at org.apache.spark.sql.execution.streaming.runtime.ProgressContext.reportTimeTaken(ProgressReporter.scala:364)
	at org.apache.spark.sql.execution.streaming.runtime.MicroBatchExecution.$anonfun$markAndTimeCollectBatch$1(MicroBatchExecution.scala:3690)
	at org.apache.spark.sql.execution.streaming.runtime.StreamingQueryBatchActivityRecorder.recordPhase(StreamingQueryBatchActivityRecorder.scala:50)
	at org.apache.spark.sql.execution.streaming.runtime.MicroBatchExecution.markAndTimeCollectBatch(MicroBatchExecution.scala:3689)
	at org.apache.spark.sql.execution.streaming.runtime.MicroBatchExecution.$anonfun$runBatch$37(MicroBatchExecution.scala:4367)
	at org.apache.spark.sql.execution.SQLExecution$.$anonfun$withNewExecutionId0$23(SQLExecution.scala:1309)
	at com.databricks.sql.util.MemoryTrackerHelper.withMemoryTracking(MemoryTrackerHelper.scala:111)
	at org.apache.spark.sql.execution.SQLExecution$.$anonfun$withNewExecutionId0$20(SQLExecution.scala:1225)
	at com.databricks.unity.UCSManager$.withTemporaryScope(UCSManager.scala:168)
	at org.apache.spark.sql.execution.SQLExecution$.$anonfun$withNewExecutionId0$19(SQLExecution.scala:1114)
	at org.apache.spark.sql.execution.SQLExecution$.withSessionTagsApplied(SQLExecution.scala:1989)
	at org.apache.spark.sql.execution.SQLExecution$.$anonfun$withNewExecutionId0$18(SQLExecution.scala:1103)
	at org.apache.spark.JobArtifactSet$.withActiveJobArtifactState(JobArtifactSet.scala:97)
	at org.apache.spark.sql.artifact.ArtifactManager.$anonfun$withResources$1(ArtifactManager.scala:124)
	at org.apache.spark.sql.artifact.ArtifactManager.withClassLoaderIfNeeded(ArtifactManager.scala:118)
	at org.apache.spark.sql.artifact.ArtifactManager.withResources(ArtifactManager.scala:123)
	at org.apache.spark.sql.execution.SQLExecution$.$anonfun$withNewExecutionId0$17(SQLExecution.scala:1103)
	at org.apache.spark.sql.execution.SQLExecution$.withSQLConfPropagated(SQLExecution.scala:2024)
	at org.apache.spark.sql.execution.SQLExecution$.$anonfun$withNewExecutionId0$1(SQLExecution.scala:1102)
	at org.apache.spark.sql.SparkSession.withActive(SparkSession.scala:866)
	at org.apache.spark.sql.execution.SQLExecution$.withNewExecutionId0(SQLExecution.scala:823)
	at org.apache.spark.sql.execution.SQLExecution$.withNewExecutionId(SQLExecution.scala:1942)
	at org.apache.spark.sql.execution.streaming.runtime.MicroBatchExecution.withSQLExecutionContext$1(MicroBatchExecution.scala:4354)
	at org.apache.spark.sql.execution.streaming.runtime.MicroBatchExecution.$anonfun$runBatch$35(MicroBatchExecution.scala:4358)
	at com.databricks.spark.util.FrameProfiler$.$anonfun$record$1(FrameProfiler.scala:114)
	at com.databricks.spark.util.FrameProfilerExporter$.maybeExportFrameProfiler(FrameProfilerExporter.scala:201)
	at com.databricks.spark.util.FrameProfiler$.record(FrameProfiler.scala:105)
	at org.apache.spark.sql.execution.streaming.runtime.ProgressContext.reportTimeTaken(ProgressReporter.scala:364)
	at org.apache.spark.sql.execution.streaming.runtime.MicroBatchExecutionContext.$anonfun$reportTimeTakenAndRecordPhase$1(StreamExecutionContext.scala:279)
	at org.apache.spark.sql.execution.streaming.runtime.StreamingQueryBatchActivityRecorder.recordPhase(StreamingQueryBatchActivityRecorder.scala:50)
	at org.apache.spark.sql.execution.streaming.runtime.MicroBatchExecutionContext.reportTimeTakenAndRecordPhase(StreamExecutionContext.scala:279)
	at org.apache.spark.sql.execution.streaming.runtime.MicroBatchExecution.runBatch(MicroBatchExecution.scala:4329)
	at org.apache.spark.sql.execution.streaming.runtime.MicroBatchExecution.$anonfun$executeOneBatch$8(MicroBatchExecution.scala:2518)
	at org.apache.spark.sql.execution.streaming.runtime.MicroBatchExecution.handleDataSourceException(MicroBatchExecution.scala:5390)
	at org.apache.spark.sql.execution.streaming.runtime.MicroBatchExecution.$anonfun$executeOneBatch$7(MicroBatchExecution.scala:2518)
	at org.apache.spark.sql.execution.streaming.runtime.MicroBatchExecution.withSchemaEvolution(MicroBatchExecution.scala:5335)
	at org.apache.spark.sql.execution.streaming.runtime.MicroBatchExecution.$anonfun$executeOneBatch$4(MicroBatchExecution.scala:2514)
	at scala.runtime.java8.JFunction0$mcV$sp.apply(JFunction0$mcV$sp.scala:18)
	at com.databricks.spark.util.FrameProfiler$.$anonfun$record$1(FrameProfiler.scala:114)
	at com.databricks.spark.util.FrameProfilerExporter$.maybeExportFrameProfiler(FrameProfilerExporter.scala:201)
	at com.databricks.spark.util.FrameProfiler$.record(FrameProfiler.scala:105)
	at org.apache.spark.sql.execution.streaming.runtime.ProgressContext.reportTimeTaken(ProgressReporter.scala:364)
	at org.apache.spark.sql.execution.streaming.runtime.MicroBatchExecution.$anonfun$executeOneBatch$3(MicroBatchExecution.scala:2438)
	at scala.runtime.java8.JFunction0$mcV$sp.apply(JFunction0$mcV$sp.scala:18)
	at com.databricks.logging.AttributionContextTracing.$anonfun$withAttributionContext$1(AttributionContextTracing.scala:146)
	at com.databricks.logging.AttributionContext$.withValue(AttributionContext.scala:354)
	at com.databricks.logging.AttributionContextTracing.withAttributionContext(AttributionContextTracing.scala:144)
	at com.databricks.logging.AttributionContextTracing.withAttributionContext$(AttributionContextTracing.scala:141)
	at com.databricks.spark.util.PublicDBLogging.withAttributionContext(DatabricksSparkUsageLogger.scala:32)
	at com.databricks.logging.AttributionContextTracing.withAttributionTags(AttributionContextTracing.scala:201)
	at com.databricks.logging.AttributionContextTracing.withAttributionTags$(AttributionContextTracing.scala:182)
	at com.databricks.spark.util.PublicDBLogging.withAttributionTags(DatabricksSparkUsageLogger.scala:32)
	at com.databricks.spark.util.PublicDBLogging.withAttributionTags0(DatabricksSparkUsageLogger.scala:108)
	at com.databricks.spark.util.DatabricksSparkUsageLogger.withAttributionTags(DatabricksSparkUsageLogger.scala:279)
	at com.databricks.spark.util.UsageLogging.$anonfun$withAttributionTags$1(UsageLogger.scala:668)
	at com.databricks.spark.util.UsageLogging$.withAttributionTags(UsageLogger.scala:780)
	at com.databricks.spark.util.UsageLogging$.withAttributionTags(UsageLogger.scala:789)
	at com.databricks.spark.util.UsageLogging.withAttributionTags(UsageLogger.scala:668)
	at com.databricks.spark.util.UsageLogging.withAttributionTags$(UsageLogger.scala:666)
	at org.apache.spark.sql.execution.streaming.runtime.StreamExecution.withAttributionTags(StreamExecution.scala:154)
	at org.apache.spark.sql.execution.streaming.runtime.MicroBatchExecution.executeOneBatch(MicroBatchExecution.scala:2431)
	at org.apache.spark.sql.execution.streaming.runtime.MicroBatchExecution.$anonfun$executeOneBatchWithDowngradeHandling$1(MicroBatchExecution.scala:2378)
	at scala.runtime.java8.JFunction0$mcZ$sp.apply(JFunction0$mcZ$sp.scala:17)
	at com.databricks.util.LexicalThreadLocal$Handle.runWith(LexicalThreadLocal.scala:63)
	at org.apache.spark.sql.execution.streaming.runtime.StreamExecution.withMicroBatchUcCache(StreamExecution.scala:500)
	at org.apache.spark.sql.execution.streaming.runtime.MicroBatchExecution.executeOneBatchWithDowngradeHandling(MicroBatchExecution.scala:2377)
	at org.apache.spark.sql.execution.streaming.runtime.MicroBatchExecution.$anonfun$runActivatedStreamWithListener$1(MicroBatchExecution.scala:2365)
	at org.apache.spark.sql.execution.streaming.runtime.MicroBatchExecution.$anonfun$runActivatedStreamWithListener$1$adapted(MicroBatchExecution.scala:2365)
	at org.apache.spark.sql.execution.streaming.runtime.TriggerExecutor.runOneBatch(TriggerExecutor.scala:86)
	at org.apache.spark.sql.execution.streaming.runtime.TriggerExecutor.runOneBatch$(TriggerExecutor.scala:74)
	at org.apache.spark.sql.execution.streaming.runtime.MultiBatchExecutor.runOneBatch(TriggerExecutor.scala:112)
	at org.apache.spark.sql.execution.streaming.runtime.MultiBatchExecutor.execute(TriggerExecutor.scala:120)
	at org.apache.spark.sql.execution.streaming.runtime.MicroBatchExecution.runActivatedStreamWithListener(MicroBatchExecution.scala:2365)
	at org.apache.spark.sql.execution.streaming.runtime.MicroBatchExecution.runActivatedStream(MicroBatchExecution.scala:1139)
	at org.apache.spark.sql.execution.streaming.runtime.StreamExecution.$anonfun$runStream$2(StreamExecution.scala:801)
	at scala.runtime.java8.JFunction0$mcV$sp.apply(JFunction0$mcV$sp.scala:18)
	at org.apache.spark.sql.SparkSession.withActive(SparkSession.scala:866)
	at org.apache.spark.sql.execution.streaming.runtime.StreamExecution.$anonfun$runStream$1(StreamExecution.scala:712)
	at scala.runtime.java8.JFunction0$mcV$sp.apply(JFunction0$mcV$sp.scala:18)
	at com.databricks.logging.AttributionContextTracing.$anonfun$withAttributionContext$1(AttributionContextTracing.scala:146)
	at com.databricks.logging.AttributionContext$.withValue(AttributionContext.scala:354)
	at com.databricks.logging.AttributionContextTracing.withAttributionContext(AttributionContextTracing.scala:144)
	at com.databricks.logging.AttributionContextTracing.withAttributionContext$(AttributionContextTracing.scala:141)
	at com.databricks.spark.util.PublicDBLogging.withAttributionContext(DatabricksSparkUsageLogger.scala:32)
	at com.databricks.logging.AttributionContextTracing.withAttributionTags(AttributionContextTracing.scala:201)
	at com.databricks.logging.AttributionContextTracing.withAttributionTags$(AttributionContextTracing.scala:182)
	at com.databricks.spark.util.PublicDBLogging.withAttributionTags(DatabricksSparkUsageLogger.scala:32)
	at com.databricks.spark.util.PublicDBLogging.withAttributionTags0(DatabricksSparkUsageLogger.scala:108)
	at com.databricks.spark.util.DatabricksSparkUsageLogger.withAttributionTags(DatabricksSparkUsageLogger.scala:279)
	at com.databricks.spark.util.UsageLogging.$anonfun$withAttributionTags$1(UsageLogger.scala:668)
	at com.databricks.spark.util.UsageLogging$.withAttributionTags(UsageLogger.scala:780)
	at com.databricks.spark.util.UsageLogging$.withAttributionTags(UsageLogger.scala:789)
	at com.databricks.spark.util.UsageLogging.withAttributionTags(UsageLogger.scala:668)
	at com.databricks.spark.util.UsageLogging.withAttributionTags$(UsageLogger.scala:666)
	at org.apache.spark.sql.execution.streaming.runtime.StreamExecution.withAttributionTags(StreamExecution.scala:154)
	at org.apache.spark.sql.execution.streaming.runtime.StreamExecution.org$apache$spark$sql$execution$streaming$runtime$StreamExecution$$runStream(StreamExecution.scala:656)
	at org.apache.spark.sql.execution.streaming.runtime.StreamExecution$$anon$1.$anonfun$run$2(StreamExecution.scala:543)
	at scala.runtime.java8.JFunction0$mcV$sp.apply(JFunction0$mcV$sp.scala:18)
	at com.databricks.unity.UCSEphemeralState$Handle.runWith(UCSEphemeralState.scala:51)
	at com.databricks.unity.HandleImpl.runWith(UCSHandle.scala:130)
	at com.databricks.unity.HandleImpl.$anonfun$runWithAndClose$1(UCSHandle.scala:139)
	at scala.util.Using$.resource(Using.scala:296)
	at com.databricks.unity.HandleImpl.runWithAndClose(UCSHandle.scala:138)
	at org.apache.spark.sql.execution.streaming.runtime.StreamExecution$$anon$1.run(StreamExecution.scala:543)
Trace:
---------------------------------------------------------------------------
StreamingQueryException                   Traceback (most recent call last)
File ~/.ipykernel/68/command--1-2776199325:9
      6 del sys
      8 with open(filename, "rb") as f:
----> 9   exec(compile(f.read(), filename, 'exec'))

File /Workspace/Users/<me>/.bundle/lakehouse-rag/smoke/files/databricks/ingest_job.py:14
     11 from ingestion.spark.run import main
     13 if __name__ == "__main__":
---> 14     main(sys.argv[1:])

File /local_disk0/.ephemeral_nfs/envs/pythonEnv-0f0da86d-7e07-434e-8093-5d806b5d5886/lib/python3.12/site-packages/ingestion/spark/run.py:48, in main(argv)
     46 try:
     47     for step in args.steps:
---> 48         STEPS[step](spark, settings)
     49 finally:
     50     spark.stop()

File /local_disk0/.ephemeral_nfs/envs/pythonEnv-0f0da86d-7e07-434e-8093-5d806b5d5886/lib/python3.12/site-packages/ingestion/spark/bronze.py:75, in run(spark, settings)
     64 manifests = (
     65     spark.readStream.schema(MANIFEST_DDL)
     66     .option("maxFilesPerTrigger", settings.manifest_files_per_batch)
     67     .json(settings.manifests_path)
     68 )
     69 query = (
     70     manifests.writeStream.trigger(availableNow=True)
     71     .option("checkpointLocation", settings.checkpoint_path("bronze_objects"))
     72     .foreachBatch(lambda batch, _batch_id: merge_batch(batch, table_path, settings))
     73     .start()
     74 )
---> 75 query.awaitTermination()
     76 log.info("bronze up to date: %s", table_path)

File /databricks/python/lib/python3.12/site-packages/pyspark/sql/connect/streaming/query.py:96, in StreamingQuery.awaitTermination(self, timeout)
     94 await_termination_cmd = pb2.StreamingQueryCommand.AwaitTerminationCommand()
     95 cmd.await_termination.CopyFrom(await_termination_cmd)
---> 96 self._execute_streaming_query_cmd(cmd)
     97 return None

File /databricks/python/lib/python3.12/site-packages/pyspark/sql/connect/streaming/query.py:184, in StreamingQuery._execute_streaming_query_cmd(self, cmd)
    182 exec_cmd = pb2.Command()
    183 exec_cmd.streaming_query_command.CopyFrom(cmd)
--> 184 _, properties, _ = self._session.client.execute_command(exec_cmd)
    185 return cast(pb2.StreamingQueryCommandResult, properties["streaming_query_command_result"])

File /databricks/python/lib/python3.12/site-packages/pyspark/sql/connect/client/core.py:1812, in SparkConnectClient.execute_command(self, command, observations, extra_request_metadata)
   1810 req = self._execute_plan_request_with_metadata()
   1811 self._set_command_in_plan(req.plan, command)
-> 1812 data, _, metrics, observed_metrics, properties = self._execute_and_fetch(
   1813     req, observations or {}, extra_request_metadata
   1814 )
   1815 # Create a query execution object.
   1816 ei = ExecutionInfo(metrics, observed_metrics, req.operation_id)

File /databricks/python/lib/python3.12/site-packages/pyspark/sql/connect/client/core.py:2411, in SparkConnectClient._execute_and_fetch(self, req, observations, extra_request_metadata, self_destruct)
   2408 properties: Dict[str, Any] = {}
   2410 with Progress(handlers=self._progress_handlers, operation_id=req.operation_id) as progress:
-> 2411     for response in self._execute_and_fetch_as_iterator(
   2412         req, observations, extra_request_metadata or [], progress=progress
   2413     ):
   2414         if isinstance(response, StructType):
   2415             schema = response

File /databricks/python/lib/python3.12/site-packages/pyspark/sql/connect/client/core.py:2387, in SparkConnectClient._execute_and_fetch_as_iterator(self, req, observations, extra_request_metadata, progress)
   2385     raise kb
   2386 except Exception as error:
-> 2387     self._handle_error(error, req.operation_id)

File /databricks/python/lib/python3.12/site-packages/pyspark/sql/connect/client/core.py:2785, in SparkConnectClient._handle_error(self, error, operation_id)
   2783 try:
   2784     if isinstance(error, grpc.RpcError):
-> 2785         self._handle_rpc_error(error)
   2786     raise error
   2787 except BaseException as handled_error:

File /databricks/python/lib/python3.12/site-packages/pyspark/sql/connect/client/core.py:2882, in SparkConnectClient._handle_rpc_error(self, rpc_error)
   2878             logger.debug(f"Received ErrorInfo: {info}")
   2880             self._handle_rpc_error_with_error_info(info, status.message, status_code)  # EDGE
-> 2882             raise convert_exception(
   2883                 info,
   2884                 status.message,
   2885                 self._fetch_enriched_error(info),
   2886                 self._display_server_stack_trace(),
   2887                 status_code,
   2888             ) from None
   2890     raise SparkConnectGrpcException(
   2891         message=status.message,
   2892         sql_state=ErrorCode.CLIENT_UNEXPECTED_MISSING_SQL_STATE,  # EDGE
   2893         grpc_status_code=status_code,
   2894     ) from None
   2895 else:

File /databricks/python/lib/python3.12/site-packages/databricks/sdk/config.py:834, in init_auth()
    832 def init_auth(self):
    833     try:
--> 834         self._header_factory = self._credentials_strategy(self)
    835         self.auth_type = self._credentials_strategy.auth_type()
    836         if not self._header_factory:

File /databricks/python/lib/python3.12/site-packages/databricks/sdk/credentials_provider.py:1480, in __call__()
   1478         raise ValueError(f"{auth_type}: {e}") from e
   1479 auth_flow_url = "https://docs.databricks.com/en/dev-tools/auth.html#databricks-client-unified-authentication"
-> 1480 raise ValueError(
   1481     f"cannot configure default credentials, please check {auth_flow_url} to configure credentials for your preferred authentication method."
   1482 )

StreamingQueryException: [STREAM_FAILED] Query [id = 60afcb9a-4e7d-4bfb-b50a-b083bb06325a, runId = 7e1ccaea-4a4c-470d-9586-ce60f5142c3f] terminated with exception: [PYTHON_EXCEPTION] [root session: 0db8dc16-a538-4ee8-9f56-8d04c0c6d565][cloned session: 388a27d2-6e53-49bf-8bb4-8c2ac277e00e][userId: 73050449987489] Found error inside foreachBatch Python process: Traceback (most recent call last):
  File "/databricks/python/lib/python3.12/site-packages/databricks/sdk/config.py", line 834, in init_auth
    self._header_factory = self._credentials_strategy(self)
                           ^^^^^^^^^^^^^^^^^^^^^^^^^^^^^^^^
  File "/databricks/python/lib/python3.12/site-packages/databricks/sdk/credentials_provider.py", line 1480, in __call__
    raise ValueError(
ValueError: cannot configure default credentials, please check https://docs.databricks.com/en/dev-tools/auth.html#databricks-client-unified-authentication to configure credentials for your preferred authentication method.

The above exception was the direct cause of the following exception:

Traceback (most recent call last):
  File "/databricks/python/lib/python3.12/site-packages/databricks/sdk/config.py", line 323, in __init__
    self.init_auth()
  File "/databricks/python/lib/python3.12/site-packages/databricks/sdk/config.py", line 839, in init_auth
    raise ValueError(f"{self._credentials_strategy.auth_type()} auth: {e}") from e
ValueError: default auth: cannot configure default credentials, please check https://docs.databricks.com/en/dev-tools/auth.html#databricks-client-unified-authentication to configure credentials for your preferred authentication method.

The above exception was the direct cause of the following exception:

Traceback (most recent call last):
  File "/databricks/spark/python/_engine_pyspark.zip/_engine_pyspark/sql/connect/streaming/worker/foreach_batch_worker.py", line 173, in main
    process(df_ref_id, int(batch_id))
  File "/databricks/spark/python/_engine_pyspark.zip/_engine_pyspark/sql/connect/streaming/worker/foreach_batch_worker.py", line 77, in process
    func(batch_df, batch_id)
  File "/local_disk0/.ephemeral_nfs/envs/pythonEnv-0f0da86d-7e07-434e-8093-5d806b5d5886/lib/python3.12/site-packages/ingestion/spark/bronze.py", line 72, in <lambda>
  File "/local_disk0/.ephemeral_nfs/envs/pythonEnv-6e3d2c16-21f4-4ee0-9eae-3477301249bd/lib/python3.12/site-packages/ingestion/spark/bronze.py", line 39, in merge_batch
    service_credentials(settings.service_credential, settings.region)
  File "/local_disk0/.ephemeral_nfs/envs/pythonEnv-6e3d2c16-21f4-4ee0-9eae-3477301249bd/lib/python3.12/site-packages/ingestion/spark/objects.py", line 51, in service_credentials
    from databricks.sdk.runtime import dbutils  # type: ignore[import-not-found,unused-ignore]
    ^^^^^^^^^^^^^^^^^^^^^^^^^^^^^^^^^^^^^^^^^^
  File "/databricks/python/lib/python3.12/site-packages/databricks/sdk/runtime/__init__.py", line 214, in <module>
    dbutils = RemoteDbUtils()
              ^^^^^^^^^^^^^^^
  File "/databricks/python/lib/python3.12/site-packages/databricks/sdk/dbutils.py", line 216, in __init__
    self._config = Config() if not config else config.copy()
                   ^^^^^^^^
  File "/databricks/python/lib/python3.12/site-packages/databricks/sdk/config.py", line 327, in __init__
    raise ValueError(message) from e
ValueError: default auth: cannot configure default credentials, please check https://docs.databricks.com/en/dev-tools/auth.html#databricks-client-unified-authentication to configure credentials for your preferred authentication method.
 SQLSTATE: 38000 SQLSTATE: XXKST
=== Streaming Query ===
Identifier: [id = 60afcb9a-4e7d-4bfb-b50a-b083bb06325a, runId = 7e1ccaea-4a4c-470d-9586-ce60f5142c3f]
Current Start Offsets: {}
Current End Offsets: {FileStreamSource[s3://larkspur-smoke-lake/manifests]: {"logOffset":0}}

Current State: ACTIVE
Thread State: RUNNABLE

Logical Plan:
~WriteToMicroBatchDataSourceV1 ForeachBatchSink, 60afcb9a-4e7d-4bfb-b50a-b083bb06325a, [checkpointLocation=s3://larkspur-smoke-lake/_checkpoints/bronze_objects], Append
+- ~StreamingExecutionRelation FileStreamSource[s3://larkspur-smoke-lake/manifests], [manifest_version#10194, event_id#10195, event_type#10196, event_name#10197, bucket#10198, key#10199, version_id#10200, etag#10201, size#10202L, event_time#10203, sequencer#10204, sort_key#10205, content_type#10206, doc_id#10207, source_type#10208, title#10209, owner#10210, allowed_groups#10211, source_updated_at#10212, metadata#10213, registered_at#10214, dt#10215], name=<Unassigned>


Physical Plan:
PhotonResultStage
+- PhotonColumnarToRow
   +- PhotonJsonScan json [manifest_version#10240,event_id#10241,event_type#10242,event_name#10243,bucket#10244,key#10245,version_id#10246,etag#10247,size#10248L,event_time#10249,sequencer#10250,sort_key#10251,content_type#10252,doc_id#10253,source_type#10254,title#10255,owner#10256,allowed_groups#10257,source_updated_at#10258,metadata#10259,registered_at#10260,dt#10261] Batched: true, DataFilters: [], Format: JSON, Location: InMemoryFileIndex(157 paths)[s3://larkspur-smoke-lake/manifests/dt=2026-10-08/9d5c307d883168964d8..., PartitionFilters: [], PushedFilters: [], ReadSchema: struct<manifest_version:int,event_id:string,event_type:string,event_name:string,bucket:string,key...


JVM stacktrace:
org.apache.spark.sql.streaming.StreamingQueryException
	at org.apache.spark.sql.execution.streaming.runtime.StreamExecution.$anonfun$runStream$1(StreamExecution.scala:898)
	at scala.runtime.java8.JFunction0$mcV$sp.apply(JFunction0$mcV$sp.scala:18)
	at com.databricks.logging.AttributionContextTracing.$anonfun$withAttributionContext$1(AttributionContextTracing.scala:146)
	at com.databricks.logging.AttributionContext$.withValue(AttributionContext.scala:354)
	at com.databricks.logging.AttributionContextTracing.withAttributionContext(AttributionContextTracing.scala:144)
	at com.databricks.logging.AttributionContextTracing.withAttributionContext$(AttributionContextTracing.scala:141)
	at com.databricks.spark.util.PublicDBLogging.withAttributionContext(DatabricksSparkUsageLogger.scala:32)
	at com.databricks.logging.AttributionContextTracing.withAttributionTags(AttributionContextTracing.scala:201)
	at com.databricks.logging.AttributionContextTracing.withAttributionTags$(AttributionContextTracing.scala:182)
	at com.databricks.spark.util.PublicDBLogging.withAttributionTags(DatabricksSparkUsageLogger.scala:32)
	at com.databricks.spark.util.PublicDBLogging.withAttributionTags0(DatabricksSparkUsageLogger.scala:108)
	at com.databricks.spark.util.DatabricksSparkUsageLogger.withAttributionTags(DatabricksSparkUsageLogger.scala:279)
	at com.databricks.spark.util.UsageLogging.$anonfun$withAttributionTags$1(UsageLogger.scala:668)
	at com.databricks.spark.util.UsageLogging$.withAttributionTags(UsageLogger.scala:780)
	at com.databricks.spark.util.UsageLogging$.withAttributionTags(UsageLogger.scala:789)
	at com.databricks.spark.util.UsageLogging.withAttributionTags(UsageLogger.scala:668)
	at com.databricks.spark.util.UsageLogging.withAttributionTags$(UsageLogger.scala:666)
	at org.apache.spark.sql.execution.streaming.runtime.StreamExecution.withAttributionTags(StreamExecution.scala:154)
	at org.apache.spark.sql.execution.streaming.runtime.StreamExecution.org$apache$spark$sql$execution$streaming$runtime$StreamExecution$$runStream(StreamExecution.scala:656)
	at org.apache.spark.sql.execution.streaming.runtime.StreamExecution$$anon$1.$anonfun$run$2(StreamExecution.scala:543)
	at scala.runtime.java8.JFunction0$mcV$sp.apply(JFunction0$mcV$sp.scala:18)
	at com.databricks.unity.UCSEphemeralState$Handle.runWith(UCSEphemeralState.scala:51)
	at com.databricks.unity.HandleImpl.runWith(UCSHandle.scala:130)
	at com.databricks.unity.HandleImpl.$anonfun$runWithAndClose$1(UCSHandle.scala:139)
	at scala.util.Using$.resource(Using.scala:296)
	at com.databricks.unity.HandleImpl.runWithAndClose(UCSHandle.scala:138)
	at org.apache.spark.sql.execution.streaming.runtime.StreamExecution$$anon$1.run(StreamExecution.scala:543)
Caused by: org.apache.spark.api.python.PythonException: [PYTHON_EXCEPTION] [root session: 0db8dc16-a538-4ee8-9f56-8d04c0c6d565][cloned session: 388a27d2-6e53-49bf-8bb4-8c2ac277e00e][userId: 73050449987489] Found error inside foreachBatch Python process: Traceback (most recent call last):
  File "/databricks/python/lib/python3.12/site-packages/databricks/sdk/config.py", line 834, in init_auth
    self._header_factory = self._credentials_strategy(self)
                           ^^^^^^^^^^^^^^^^^^^^^^^^^^^^^^^^
  File "/databricks/python/lib/python3.12/site-packages/databricks/sdk/credentials_provider.py", line 1480, in __call__
    raise ValueError(
ValueError: cannot configure default credentials, please check https://docs.databricks.com/en/dev-tools/auth.html#databricks-client-unified-authentication to configure credentials for your preferred authentication method.

The above exception was the direct cause of the following exception:

Traceback (most recent call last):
  File "/databricks/python/lib/python3.12/site-packages/databricks/sdk/config.py", line 323, in __init__
    self.init_auth()
  File "/databricks/python/lib/python3.12/site-packages/databricks/sdk/config.py", line 839, in init_auth
    raise ValueError(f"{self._credentials_strategy.auth_type()} auth: {e}") from e
ValueError: default auth: cannot configure default credentials, please check https://docs.databricks.com/en/dev-tools/auth.html#databricks-client-unified-authentication to configure credentials for your preferred authentication method.

The above exception was the direct cause of the following exception:

Traceback (most recent call last):
  File "/databricks/spark/python/_engine_pyspark.zip/_engine_pyspark/sql/connect/streaming/worker/foreach_batch_worker.py", line 173, in main
    process(df_ref_id, int(batch_id))
  File "/databricks/spark/python/_engine_pyspark.zip/_engine_pyspark/sql/connect/streaming/worker/foreach_batch_worker.py", line 77, in process
    func(batch_df, batch_id)
  File "/local_disk0/.ephemeral_nfs/envs/pythonEnv-0f0da86d-7e07-434e-8093-5d806b5d5886/lib/python3.12/site-packages/ingestion/spark/bronze.py", line 72, in <lambda>
  File "/local_disk0/.ephemeral_nfs/envs/pythonEnv-6e3d2c16-21f4-4ee0-9eae-3477301249bd/lib/python3.12/site-packages/ingestion/spark/bronze.py", line 39, in merge_batch
    service_credentials(settings.service_credential, settings.region)
  File "/local_disk0/.ephemeral_nfs/envs/pythonEnv-6e3d2c16-21f4-4ee0-9eae-3477301249bd/lib/python3.12/site-packages/ingestion/spark/objects.py", line 51, in service_credentials
    from databricks.sdk.runtime import dbutils  # type: ignore[import-not-found,unused-ignore]
    ^^^^^^^^^^^^^^^^^^^^^^^^^^^^^^^^^^^^^^^^^^
  File "/databricks/python/lib/python3.12/site-packages/databricks/sdk/runtime/__init__.py", line 214, in <module>
    dbutils = RemoteDbUtils()
              ^^^^^^^^^^^^^^^
  File "/databricks/python/lib/python3.12/site-packages/databricks/sdk/dbutils.py", line 216, in __init__
    self._config = Config() if not config else config.copy()
                   ^^^^^^^^
  File "/databricks/python/lib/python3.12/site-packages/databricks/sdk/config.py", line 327, in __init__
    raise ValueError(message) from e
ValueError: default auth: cannot configure default credentials, please check https://docs.databricks.com/en/dev-tools/auth.html#databricks-client-unified-authentication to configure credentials for your preferred authentication method.
 SQLSTATE: 38000
	at org.apache.spark.sql.connect.planner.StreamingForeachBatchHelper$.$anonfun$pythonForeachBatchWrapper$19(StreamingForeachBatchHelper.scala:632)
	at org.apache.spark.sql.connect.planner.StreamingForeachBatchHelper$.$anonfun$pythonForeachBatchWrapper$19$adapted(StreamingForeachBatchHelper.scala:601)
	at org.apache.spark.sql.connect.planner.StreamingForeachBatchHelper$.$anonfun$dataFrameCachingWrapper$1(StreamingForeachBatchHelper.scala:214)
	at org.apache.spark.sql.connect.planner.StreamingForeachBatchHelper$.$anonfun$dataFrameCachingWrapper$1$adapted(StreamingForeachBatchHelper.scala:194)
	at org.apache.spark.sql.execution.streaming.sources.ForeachBatchSink.callBatchWriter(ForeachBatchSink.scala:239)
	at org.apache.spark.sql.execution.streaming.sources.ForeachBatchSink.addBatchOptimized(ForeachBatchSink.scala:411)
	at org.apache.spark.sql.execution.streaming.sources.ForeachBatchSink.$anonfun$addBatch$4(ForeachBatchSink.scala:149)
	at scala.runtime.java8.JFunction0$mcV$sp.apply(JFunction0$mcV$sp.scala:18)
	at org.apache.spark.util.Utils$.timeTakenMs(Utils.scala:599)
	at org.apache.spark.sql.execution.streaming.sources.ForeachBatchSink.addBatch(ForeachBatchSink.scala:132)
	at org.apache.spark.sql.execution.streaming.runtime.MicroBatchExecution.$anonfun$addBatch$4(MicroBatchExecution.scala:3672)
	at scala.runtime.java8.JFunction0$mcV$sp.apply(JFunction0$mcV$sp.scala:18)
	at org.apache.spark.sql.execution.streaming.StructuredApiLogger$.logApiEvent(SupportsStructuredApiLogging.scala:226)
	at org.apache.spark.sql.execution.streaming.runtime.MicroBatchExecution.addBatch(MicroBatchExecution.scala:3672)
	at org.apache.spark.sql.execution.streaming.runtime.MicroBatchExecution.$anonfun$runBatch$38(MicroBatchExecution.scala:4367)
	at scala.runtime.java8.JFunction0$mcV$sp.apply(JFunction0$mcV$sp.scala:18)
	at com.databricks.spark.util.FrameProfiler$.$anonfun$record$1(FrameProfiler.scala:114)
	at com.databricks.spark.util.FrameProfilerExporter$.maybeExportFrameProfiler(FrameProfilerExporter.scala:201)
	at com.databricks.spark.util.FrameProfiler$.record(FrameProfiler.scala:105)
	at org.apache.spark.sql.execution.streaming.runtime.ProgressContext.reportTimeTaken(ProgressReporter.scala:364)
	at org.apache.spark.sql.execution.streaming.runtime.MicroBatchExecution.$anonfun$markAndTimeCollectBatch$1(MicroBatchExecution.scala:3690)
	at org.apache.spark.sql.execution.streaming.runtime.StreamingQueryBatchActivityRecorder.recordPhase(StreamingQueryBatchActivityRecorder.scala:50)
	at org.apache.spark.sql.execution.streaming.runtime.MicroBatchExecution.markAndTimeCollectBatch(MicroBatchExecution.scala:3689)
	at org.apache.spark.sql.execution.streaming.runtime.MicroBatchExecution.$anonfun$runBatch$37(MicroBatchExecution.scala:4367)
	at org.apache.spark.sql.execution.SQLExecution$.$anonfun$withNewExecutionId0$23(SQLExecution.scala:1309)
	at com.databricks.sql.util.MemoryTrackerHelper.withMemoryTracking(MemoryTrackerHelper.scala:111)
	at org.apache.spark.sql.execution.SQLExecution$.$anonfun$withNewExecutionId0$20(SQLExecution.scala:1225)
	at com.databricks.unity.UCSManager$.withTemporaryScope(UCSManager.scala:168)
	at org.apache.spark.sql.execution.SQLExecution$.$anonfun$withNewExecutionId0$19(SQLExecution.scala:1114)
	at org.apache.spark.sql.execution.SQLExecution$.withSessionTagsApplied(SQLExecution.scala:1989)
	at org.apache.spark.sql.execution.SQLExecution$.$anonfun$withNewExecutionId0$18(SQLExecution.scala:1103)
	at org.apache.spark.JobArtifactSet$.withActiveJobArtifactState(JobArtifactSet.scala:97)
	at org.apache.spark.sql.artifact.ArtifactManager.$anonfun$withResources$1(ArtifactManager.scala:124)
	at org.apache.spark.sql.artifact.ArtifactManager.withClassLoaderIfNeeded(ArtifactManager.scala:118)
	at org.apache.spark.sql.artifact.ArtifactManager.withResources(ArtifactManager.scala:123)
	at org.apache.spark.sql.execution.SQLExecution$.$anonfun$withNewExecutionId0$17(SQLExecution.scala:1103)
	at org.apache.spark.sql.execution.SQLExecution$.withSQLConfPropagated(SQLExecution.scala:2024)
	at org.apache.spark.sql.execution.SQLExecution$.$anonfun$withNewExecutionId0$1(SQLExecution.scala:1102)
	at org.apache.spark.sql.SparkSession.withActive(SparkSession.scala:866)
	at org.apache.spark.sql.execution.SQLExecution$.withNewExecutionId0(SQLExecution.scala:823)
	at org.apache.spark.sql.execution.SQLExecution$.withNewExecutionId(SQLExecution.scala:1942)
	at org.apache.spark.sql.execution.streaming.runtime.MicroBatchExecution.withSQLExecutionContext$1(MicroBatchExecution.scala:4354)
	at org.apache.spark.sql.execution.streaming.runtime.MicroBatchExecution.$anonfun$runBatch$35(MicroBatchExecution.scala:4358)
	at com.databricks.spark.util.FrameProfiler$.$anonfun$record$1(FrameProfiler.scala:114)
	at com.databricks.spark.util.FrameProfilerExporter$.maybeExportFrameProfiler(FrameProfilerExporter.scala:201)
	at com.databricks.spark.util.FrameProfiler$.record(FrameProfiler.scala:105)
	at org.apache.spark.sql.execution.streaming.runtime.ProgressContext.reportTimeTaken(ProgressReporter.scala:364)
	at org.apache.spark.sql.execution.streaming.runtime.MicroBatchExecutionContext.$anonfun$reportTimeTakenAndRecordPhase$1(StreamExecutionContext.scala:279)
	at org.apache.spark.sql.execution.streaming.runtime.StreamingQueryBatchActivityRecorder.recordPhase(StreamingQueryBatchActivityRecorder.scala:50)
	at org.apache.spark.sql.execution.streaming.runtime.MicroBatchExecutionContext.reportTimeTakenAndRecordPhase(StreamExecutionContext.scala:279)
	at org.apache.spark.sql.execution.streaming.runtime.MicroBatchExecution.runBatch(MicroBatchExecution.scala:4329)
	at org.apache.spark.sql.execution.streaming.runtime.MicroBatchExecution.$anonfun$executeOneBatch$8(MicroBatchExecution.scala:2518)
	at org.apache.spark.sql.execution.streaming.runtime.MicroBatchExecution.handleDataSourceException(MicroBatchExecution.scala:5390)
	at org.apache.spark.sql.execution.streaming.runtime.MicroBatchExecution.$anonfun$executeOneBatch$7(MicroBatchExecution.scala:2518)
	at org.apache.spark.sql.execution.streaming.runtime.MicroBatchExecution.withSchemaEvolution(MicroBatchExecution.scala:5335)
	at org.apache.spark.sql.execution.streaming.runtime.MicroBatchExecution.$anonfun$executeOneBatch$4(MicroBatchExecution.scala:2514)
	at scala.runtime.java8.JFunction0$mcV$sp.apply(JFunction0$mcV$sp.scala:18)
	at com.databricks.spark.util.FrameProfiler$.$anonfun$record$1(FrameProfiler.scala:114)
	at com.databricks.spark.util.FrameProfilerExporter$.maybeExportFrameProfiler(FrameProfilerExporter.scala:201)
	at com.databricks.spark.util.FrameProfiler$.record(FrameProfiler.scala:105)
	at org.apache.spark.sql.execution.streaming.runtime.ProgressContext.reportTimeTaken(ProgressReporter.scala:364)
	at org.apache.spark.sql.execution.streaming.runtime.MicroBatchExecution.$anonfun$executeOneBatch$3(MicroBatchExecution.scala:2438)
	at scala.runtime.java8.JFunction0$mcV$sp.apply(JFunction0$mcV$sp.scala:18)
	at com.databricks.logging.AttributionContextTracing.$anonfun$withAttributionContext$1(AttributionContextTracing.scala:146)
	at com.databricks.logging.AttributionContext$.withValue(AttributionContext.scala:354)
	at com.databricks.logging.AttributionContextTracing.withAttributionContext(AttributionContextTracing.scala:144)
	at com.databricks.logging.AttributionContextTracing.withAttributionContext$(AttributionContextTracing.scala:141)
	at com.databricks.spark.util.PublicDBLogging.withAttributionContext(DatabricksSparkUsageLogger.scala:32)
	at com.databricks.logging.AttributionContextTracing.withAttributionTags(AttributionContextTracing.scala:201)
	at com.databricks.logging.AttributionContextTracing.withAttributionTags$(AttributionContextTracing.scala:182)
	at com.databricks.spark.util.PublicDBLogging.withAttributionTags(DatabricksSparkUsageLogger.scala:32)
	at com.databricks.spark.util.PublicDBLogging.withAttributionTags0(DatabricksSparkUsageLogger.scala:108)
	at com.databricks.spark.util.DatabricksSparkUsageLogger.withAttributionTags(DatabricksSparkUsageLogger.scala:279)
	at com.databricks.spark.util.UsageLogging.$anonfun$withAttributionTags$1(UsageLogger.scala:668)
	at com.databricks.spark.util.UsageLogging$.withAttributionTags(UsageLogger.scala:780)
	at com.databricks.spark.util.UsageLogging$.withAttributionTags(UsageLogger.scala:789)
	at com.databricks.spark.util.UsageLogging.withAttributionTags(UsageLogger.scala:668)
	at com.databricks.spark.util.UsageLogging.withAttributionTags$(UsageLogger.scala:666)
	at org.apache.spark.sql.execution.streaming.runtime.StreamExecution.withAttributionTags(StreamExecution.scala:154)
	at org.apache.spark.sql.execution.streaming.runtime.MicroBatchExecution.executeOneBatch(MicroBatchExecution.scala:2431)
	at org.apache.spark.sql.execution.streaming.runtime.MicroBatchExecution.$anonfun$executeOneBatchWithDowngradeHandling$1(MicroBatchExecution.scala:2378)
	at scala.runtime.java8.JFunction0$mcZ$sp.apply(JFunction0$mcZ$sp.scala:17)
	at com.databricks.util.LexicalThreadLocal$Handle.runWith(LexicalThreadLocal.scala:63)
	at org.apache.spark.sql.execution.streaming.runtime.StreamExecution.withMicroBatchUcCache(StreamExecution.scala:500)
	at org.apache.spark.sql.execution.streaming.runtime.MicroBatchExecution.executeOneBatchWithDowngradeHandling(MicroBatchExecution.scala:2377)
	at org.apache.spark.sql.execution.streaming.runtime.MicroBatchExecution.$anonfun$runActivatedStreamWithListener$1(MicroBatchExecution.scala:2365)
	at org.apache.spark.sql.execution.streaming.runtime.MicroBatchExecution.$anonfun$runActivatedStreamWithListener$1$adapted(MicroBatchExecution.scala:2365)
	at org.apache.spark.sql.execution.streaming.runtime.TriggerExecutor.runOneBatch(TriggerExecutor.scala:86)
	at org.apache.spark.sql.execution.streaming.runtime.TriggerExecutor.runOneBatch$(TriggerExecutor.scala:74)
	at org.apache.spark.sql.execution.streaming.runtime.MultiBatchExecutor.runOneBatch(TriggerExecutor.scala:112)
	at org.apache.spark.sql.execution.streaming.runtime.MultiBatchExecutor.execute(TriggerExecutor.scala:120)
	at org.apache.spark.sql.execution.streaming.runtime.MicroBatchExecution.runActivatedStreamWithListener(MicroBatchExecution.scala:2365)
	at org.apache.spark.sql.execution.streaming.runtime.MicroBatchExecution.runActivatedStream(MicroBatchExecution.scala:1139)
	at org.apache.spark.sql.execution.streaming.runtime.StreamExecution.$anonfun$runStream$2(StreamExecution.scala:801)
	at scala.runtime.java8.JFunction0$mcV$sp.apply(JFunction0$mcV$sp.scala:18)
	at org.apache.spark.sql.SparkSession.withActive(SparkSession.scala:866)
	at org.apache.spark.sql.execution.streaming.runtime.StreamExecution.$anonfun$runStream$1(StreamExecution.scala:712)
	at scala.runtime.java8.JFunction0$mcV$sp.apply(JFunction0$mcV$sp.scala:18)
	at com.databricks.logging.AttributionContextTracing.$anonfun$withAttributionContext$1(AttributionContextTracing.scala:146)
	at com.databricks.logging.AttributionContext$.withValue(AttributionContext.scala:354)
	at com.databricks.logging.AttributionContextTracing.withAttributionContext(AttributionContextTracing.scala:144)
	at com.databricks.logging.AttributionContextTracing.withAttributionContext$(AttributionContextTracing.scala:141)
	at com.databricks.spark.util.PublicDBLogging.withAttributionContext(DatabricksSparkUsageLogger.scala:32)
	at com.databricks.logging.AttributionContextTracing.withAttributionTags(AttributionContextTracing.scala:201)
	at com.databricks.logging.AttributionContextTracing.withAttributionTags$(AttributionContextTracing.scala:182)
	at com.databricks.spark.util.PublicDBLogging.withAttributionTags(DatabricksSparkUsageLogger.scala:32)
	at com.databricks.spark.util.PublicDBLogging.withAttributionTags0(DatabricksSparkUsageLogger.scala:108)
	at com.databricks.spark.util.DatabricksSparkUsageLogger.withAttributionTags(DatabricksSparkUsageLogger.scala:279)
	at com.databricks.spark.util.UsageLogging.$anonfun$withAttributionTags$1(UsageLogger.scala:668)
	at com.databricks.spark.util.UsageLogging$.withAttributionTags(UsageLogger.scala:780)
	at com.databricks.spark.util.UsageLogging$.withAttributionTags(UsageLogger.scala:789)
	at com.databricks.spark.util.UsageLogging.withAttributionTags(UsageLogger.scala:668)
	at com.databricks.spark.util.UsageLogging.withAttributionTags$(UsageLogger.scala:666)
	at org.apache.spark.sql.execution.streaming.runtime.StreamExecution.withAttributionTags(StreamExecution.scala:154)
	at org.apache.spark.sql.execution.streaming.runtime.StreamExecution.org$apache$spark$sql$execution$streaming$runtime$StreamExecution$$runStream(StreamExecution.scala:656)
	at org.apache.spark.sql.execution.streaming.runtime.StreamExecution$$anon$1.$anonfun$run$2(StreamExecution.scala:543)
	at scala.runtime.java8.JFunction0$mcV$sp.apply(JFunction0$mcV$sp.scala:18)
	at com.databricks.unity.UCSEphemeralState$Handle.runWith(UCSEphemeralState.scala:51)
	at com.databricks.unity.HandleImpl.runWith(UCSHandle.scala:130)
	at com.databricks.unity.HandleImpl.$anonfun$runWithAndClose$1(UCSHandle.scala:139)
	at scala.util.Using$.resource(Using.scala:296)
	at com.databricks.unity.HandleImpl.runWithAndClose(UCSHandle.scala:138)
	at org.apache.spark.sql.execution.streaming.runtime.StreamExecution$$anon$1.run(StreamExecution.scala:543)
Task bronze FAILED:
[STREAM_FAILED] Query [id = 60afcb9a-4e7d-4bfb-b50a-b083bb06325a, runId = 1ca1cd9e-a5d2-4cd6-a8fe-4da1a5c17dc7] terminated with exception: [PYTHON_EXCEPTION] [root session: f965bdd8-8c32-4672-8dd7-5ca186433905][cloned session: 4905e4a1-e91a-4a18-8f0d-b94c34f22513][userId: 73050449987489] Found error inside foreachBatch Python process: Traceback (most recent call last):
  File "/databricks/python/lib/python3.12/site-packages/databricks/sdk/config.py", line 834, in init_auth
    self._header_factory = self._credentials_strategy(self)
                           ^^^^^^^^^^^^^^^^^^^^^^^^^^^^^^^^
  File "/databricks/python/lib/python3.12/site-packages/databricks/sdk/credentials_provider.py", line 1480, in __call__
    raise ValueError(
ValueError: cannot configure default credentials, please check https://docs.databricks.com/en/dev-tools/auth.html#databricks-client-unified-authentication to configure credentials for your preferred authentication method.

The above exception was the direct cause of the following exception:

Traceback (most recent call last):
  File "/databricks/python/lib/python3.12/site-packages/databricks/sdk/config.py", line 323, in __init__
    self.init_auth()
  File "/databricks/python/lib/python3.12/site-packages/databricks/sdk/config.py", line 839, in init_auth
    raise ValueError(f"{self._credentials_strategy.auth_type()} auth: {e}") from e
ValueError: default auth: cannot configure default credentials, please check https://docs.databricks.com/en/dev-tools/auth.html#databricks-client-unified-authentication to configure credentials for your preferred authentication method.

The above exception was the direct cause of the following exception:

Traceback (most recent call last):
  File "/databricks/spark/python/_engine_pyspark.zip/_engine_pyspark/sql/connect/streaming/worker/foreach_batch_worker.py", line 173, in main
    process(df_ref_id, int(batch_id))
  File "/databricks/spark/python/_engine_pyspark.zip/_engine_pyspark/sql/connect/streaming/worker/foreach_batch_worker.py", line 77, in process
    func(batch_df, batch_id)
  File "/local_disk0/.ephemeral_nfs/envs/pythonEnv-d28657cc-7eab-4b78-af8c-2e92dff57d75/lib/python3.12/site-packages/ingestion/spark/bronze.py", line 72, in 
  File "/local_disk0/.ephemeral_nfs/envs/pythonEnv-645dbd5d-5c9f-4746-ad1e-61d7005c3dcc/lib/python3.12/site-packages/ingestion/spark/bronze.py", line 39, in merge_batch
    service_credentials(settings.service_credential, settings.region)
  File "/local_disk0/.ephemeral_nfs/envs/pythonEnv-645dbd5d-5c9f-4746-ad1e-61d7005c3dcc/lib/python3.12/site-packages/ingestion/spark/objects.py", line 51, in service_credentials
    from databricks.sdk.runtime import dbutils  # type: ignore[import-not-found,unused-ignore]
    ^^^^^^^^^^^^^^^^^^^^^^^^^^^^^^^^^^^^^^^^^^
  File "/databricks/python/lib/python3.12/site-packages/databricks/sdk/runtime/__init__.py", line 214, in 
    dbutils = RemoteDbUtils()
              ^^^^^^^^^^^^^^^
  File "/databricks/python/lib/python3.12/site-packages/databricks/sdk/dbutils.py", line 216, in __init__
    self._config = Config() if not config else config.copy()
                   ^^^^^^^^
  File "/databricks/python/lib/python3.12/site-packages/databricks/sdk/config.py", line 327, in __init__
    raise ValueError(message) from e
ValueError: default auth: cannot configure default credentials, please check https://docs.databricks.com/en/dev-tools/auth.html#databricks-client-unified-authentication to configure credentials for your preferred authentication method.
 SQLSTATE: 38000 SQLSTATE: XXKST
=== Streaming Query ===
Identifier: [id = 60afcb9a-4e7d-4bfb-b50a-b083bb06325a, runId = 1ca1cd9e-a5d2-4cd6-a8fe-4da1a5c17dc7]
Current Start Offsets: {}
Current End Offsets: {FileStreamSource[s3://larkspur-smoke-lake/manifests]: {"logOffset":0}}

Current State: ACTIVE
Thread State: RUNNABLE

Logical Plan:
~WriteToMicroBatchDataSourceV1 ForeachBatchSink, 60afcb9a-4e7d-4bfb-b50a-b083bb06325a, [checkpointLocation=s3://larkspur-smoke-lake/_checkpoints/bronze_objects], Append
+- ~StreamingExecutionRelation FileStreamSource[s3://larkspur-smoke-lake/manifests], [manifest_version#10394, event_id#10395, event_type#10396, event_name#10397, bucket#10398, key#10399, version_id#10400, etag#10401, size#10402L, event_time#10403, sequencer#10404, sort_key#10405, content_type#10406, doc_id#10407, source_type#10408, title#10409, owner#10410, allowed_groups#10411, source_updated_at#10412, metadata#10413, registered_at#10414, dt#10415], name=


Physical Plan:
PhotonResultStage
+- PhotonColumnarToRow
   +- PhotonJsonScan json [manifest_version#10440,event_id#10441,event_type#10442,event_name#10443,bucket#10444,key#10445,version_id#10446,etag#10447,size#10448L,event_time#10449,sequencer#10450,sort_key#10451,content_type#10452,doc_id#10453,source_type#10454,title#10455,owner#10456,allowed_groups#10457,source_updated_at#10458,metadata#10459,registered_at#10460,dt#10461] Batched: true, DataFilters: [], Format: JSON, Location: InMemoryFileIndex(157 paths)[s3://larkspur-smoke-lake/manifests/dt=2026-10-08/9d5c307d883168964d8..., PartitionFilters: [], PushedFilters: [], ReadSchema: struct
  File "/local_disk0/.ephemeral_nfs/envs/pythonEnv-645dbd5d-5c9f-4746-ad1e-61d7005c3dcc/lib/python3.12/site-packages/ingestion/spark/bronze.py", line 39, in merge_batch
    service_credentials(settings.service_credential, settings.region)
  File "/local_disk0/.ephemeral_nfs/envs/pythonEnv-645dbd5d-5c9f-4746-ad1e-61d7005c3dcc/lib/python3.12/site-packages/ingestion/spark/objects.py", line 51, in service_credentials
    from databricks.sdk.runtime import dbutils  # type: ignore[import-not-found,unused-ignore]
    ^^^^^^^^^^^^^^^^^^^^^^^^^^^^^^^^^^^^^^^^^^
  File "/databricks/python/lib/python3.12/site-packages/databricks/sdk/runtime/__init__.py", line 214, in 
    dbutils = RemoteDbUtils()
              ^^^^^^^^^^^^^^^
  File "/databricks/python/lib/python3.12/site-packages/databricks/sdk/dbutils.py", line 216, in __init__
    self._config = Config() if not config else config.copy()
                   ^^^^^^^^
  File "/databricks/python/lib/python3.12/site-packages/databricks/sdk/config.py", line 327, in __init__
    raise ValueError(message) from e
ValueError: default auth: cannot configure default credentials, please check https://docs.databricks.com/en/dev-tools/auth.html#databricks-client-unified-authentication to configure credentials for your preferred authentication method.
 SQLSTATE: 38000
	at org.apache.spark.sql.connect.planner.StreamingForeachBatchHelper$.$anonfun$pythonForeachBatchWrapper$19(StreamingForeachBatchHelper.scala:632)
	at org.apache.spark.sql.connect.planner.StreamingForeachBatchHelper$.$anonfun$pythonForeachBatchWrapper$19$adapted(StreamingForeachBatchHelper.scala:601)
	at org.apache.spark.sql.connect.planner.StreamingForeachBatchHelper$.$anonfun$dataFrameCachingWrapper$1(StreamingForeachBatchHelper.scala:214)
	at org.apache.spark.sql.connect.planner.StreamingForeachBatchHelper$.$anonfun$dataFrameCachingWrapper$1$adapted(StreamingForeachBatchHelper.scala:194)
	at org.apache.spark.sql.execution.streaming.sources.ForeachBatchSink.callBatchWriter(ForeachBatchSink.scala:239)
	at org.apache.spark.sql.execution.streaming.sources.ForeachBatchSink.addBatchOptimized(ForeachBatchSink.scala:411)
	at org.apache.spark.sql.execution.streaming.sources.ForeachBatchSink.$anonfun$addBatch$4(ForeachBatchSink.scala:149)
	at scala.runtime.java8.JFunction0$mcV$sp.apply(JFunction0$mcV$sp.scala:18)
	at org.apache.spark.util.Utils$.timeTakenMs(Utils.scala:599)
	at org.apache.spark.sql.execution.streaming.sources.ForeachBatchSink.addBatch(ForeachBatchSink.scala:132)
	at org.apache.spark.sql.execution.streaming.runtime.MicroBatchExecution.$anonfun$addBatch$4(MicroBatchExecution.scala:3672)
	at scala.runtime.java8.JFunction0$mcV$sp.apply(JFunction0$mcV$sp.scala:18)
	at org.apache.spark.sql.execution.streaming.StructuredApiLogger$.logApiEvent(SupportsStructuredApiLogging.scala:226)
	at org.apache.spark.sql.execution.streaming.runtime.MicroBatchExecution.addBatch(MicroBatchExecution.scala:3672)
	at org.apache.spark.sql.execution.streaming.runtime.MicroBatchExecution.$anonfun$runBatch$38(MicroBatchExecution.scala:4367)
	at scala.runtime.java8.JFunction0$mcV$sp.apply(JFunction0$mcV$sp.scala:18)
	at com.databricks.spark.util.FrameProfiler$.$anonfun$record$1(FrameProfiler.scala:114)
	at com.databricks.spark.util.FrameProfilerExporter$.maybeExportFrameProfiler(FrameProfilerExporter.scala:201)
	at com.databricks.spark.util.FrameProfiler$.record(FrameProfiler.scala:105)
	at org.apache.spark.sql.execution.streaming.runtime.ProgressContext.reportTimeTaken(ProgressReporter.scala:364)
	at org.apache.spark.sql.execution.streaming.runtime.MicroBatchExecution.$anonfun$markAndTimeCollectBatch$1(MicroBatchExecution.scala:3690)
	at org.apache.spark.sql.execution.streaming.runtime.StreamingQueryBatchActivityRecorder.recordPhase(StreamingQueryBatchActivityRecorder.scala:50)
	at org.apache.spark.sql.execution.streaming.runtime.MicroBatchExecution.markAndTimeCollectBatch(MicroBatchExecution.scala:3689)
	at org.apache.spark.sql.execution.streaming.runtime.MicroBatchExecution.$anonfun$runBatch$37(MicroBatchExecution.scala:4367)
	at org.apache.spark.sql.execution.SQLExecution$.$anonfun$withNewExecutionId0$23(SQLExecution.scala:1309)
	at com.databricks.sql.util.MemoryTrackerHelper.withMemoryTracking(MemoryTrackerHelper.scala:111)
	at org.apache.spark.sql.execution.SQLExecution$.$anonfun$withNewExecutionId0$20(SQLExecution.scala:1225)
	at com.databricks.unity.UCSManager$.withTemporaryScope(UCSManager.scala:168)
	at org.apache.spark.sql.execution.SQLExecution$.$anonfun$withNewExecutionId0$19(SQLExecution.scala:1114)
	at org.apache.spark.sql.execution.SQLExecution$.withSessionTagsApplied(SQLExecution.scala:1989)
	at org.apache.spark.sql.execution.SQLExecution$.$anonfun$withNewExecutionId0$18(SQLExecution.scala:1103)
	at org.apache.spark.JobArtifactSet$.withActiveJobArtifactState(JobArtifactSet.scala:97)
	at org.apache.spark.sql.artifact.ArtifactManager.$anonfun$withResources$1(ArtifactManager.scala:124)
	at org.apache.spark.sql.artifact.ArtifactManager.withClassLoaderIfNeeded(ArtifactManager.scala:118)
	at org.apache.spark.sql.artifact.ArtifactManager.withResources(ArtifactManager.scala:123)
	at org.apache.spark.sql.execution.SQLExecution$.$anonfun$withNewExecutionId0$17(SQLExecution.scala:1103)
	at org.apache.spark.sql.execution.SQLExecution$.withSQLConfPropagated(SQLExecution.scala:2024)
	at org.apache.spark.sql.execution.SQLExecution$.$anonfun$withNewExecutionId0$1(SQLExecution.scala:1102)
	at org.apache.spark.sql.SparkSession.withActive(SparkSession.scala:866)
	at org.apache.spark.sql.execution.SQLExecution$.withNewExecutionId0(SQLExecution.scala:823)
	at org.apache.spark.sql.execution.SQLExecution$.withNewExecutionId(SQLExecution.scala:1942)
	at org.apache.spark.sql.execution.streaming.runtime.MicroBatchExecution.withSQLExecutionContext$1(MicroBatchExecution.scala:4354)
	at org.apache.spark.sql.execution.streaming.runtime.MicroBatchExecution.$anonfun$runBatch$35(MicroBatchExecution.scala:4358)
	at com.databricks.spark.util.FrameProfiler$.$anonfun$record$1(FrameProfiler.scala:114)
	at com.databricks.spark.util.FrameProfilerExporter$.maybeExportFrameProfiler(FrameProfilerExporter.scala:201)
	at com.databricks.spark.util.FrameProfiler$.record(FrameProfiler.scala:105)
	at org.apache.spark.sql.execution.streaming.runtime.ProgressContext.reportTimeTaken(ProgressReporter.scala:364)
	at org.apache.spark.sql.execution.streaming.runtime.MicroBatchExecutionContext.$anonfun$reportTimeTakenAndRecordPhase$1(StreamExecutionContext.scala:279)
	at org.apache.spark.sql.execution.streaming.runtime.StreamingQueryBatchActivityRecorder.recordPhase(StreamingQueryBatchActivityRecorder.scala:50)
	at org.apache.spark.sql.execution.streaming.runtime.MicroBatchExecutionContext.reportTimeTakenAndRecordPhase(StreamExecutionContext.scala:279)
	at org.apache.spark.sql.execution.streaming.runtime.MicroBatchExecution.runBatch(MicroBatchExecution.scala:4329)
	at org.apache.spark.sql.execution.streaming.runtime.MicroBatchExecution.$anonfun$executeOneBatch$8(MicroBatchExecution.scala:2518)
	at org.apache.spark.sql.execution.streaming.runtime.MicroBatchExecution.handleDataSourceException(MicroBatchExecution.scala:5390)
	at org.apache.spark.sql.execution.streaming.runtime.MicroBatchExecution.$anonfun$executeOneBatch$7(MicroBatchExecution.scala:2518)
	at org.apache.spark.sql.execution.streaming.runtime.MicroBatchExecution.withSchemaEvolution(MicroBatchExecution.scala:5335)
	at org.apache.spark.sql.execution.streaming.runtime.MicroBatchExecution.$anonfun$executeOneBatch$4(MicroBatchExecution.scala:2514)
	at scala.runtime.java8.JFunction0$mcV$sp.apply(JFunction0$mcV$sp.scala:18)
	at com.databricks.spark.util.FrameProfiler$.$anonfun$record$1(FrameProfiler.scala:114)
	at com.databricks.spark.util.FrameProfilerExporter$.maybeExportFrameProfiler(FrameProfilerExporter.scala:201)
	at com.databricks.spark.util.FrameProfiler$.record(FrameProfiler.scala:105)
	at org.apache.spark.sql.execution.streaming.runtime.ProgressContext.reportTimeTaken(ProgressReporter.scala:364)
	at org.apache.spark.sql.execution.streaming.runtime.MicroBatchExecution.$anonfun$executeOneBatch$3(MicroBatchExecution.scala:2438)
	at scala.runtime.java8.JFunction0$mcV$sp.apply(JFunction0$mcV$sp.scala:18)
	at com.databricks.logging.AttributionContextTracing.$anonfun$withAttributionContext$1(AttributionContextTracing.scala:146)
	at com.databricks.logging.AttributionContext$.withValue(AttributionContext.scala:354)
	at com.databricks.logging.AttributionContextTracing.withAttributionContext(AttributionContextTracing.scala:144)
	at com.databricks.logging.AttributionContextTracing.withAttributionContext$(AttributionContextTracing.scala:141)
	at com.databricks.spark.util.PublicDBLogging.withAttributionContext(DatabricksSparkUsageLogger.scala:32)
	at com.databricks.logging.AttributionContextTracing.withAttributionTags(AttributionContextTracing.scala:201)
	at com.databricks.logging.AttributionContextTracing.withAttributionTags$(AttributionContextTracing.scala:182)
	at com.databricks.spark.util.PublicDBLogging.withAttributionTags(DatabricksSparkUsageLogger.scala:32)
	at com.databricks.spark.util.PublicDBLogging.withAttributionTags0(DatabricksSparkUsageLogger.scala:108)
	at com.databricks.spark.util.DatabricksSparkUsageLogger.withAttributionTags(DatabricksSparkUsageLogger.scala:279)
	at com.databricks.spark.util.UsageLogging.$anonfun$withAttributionTags$1(UsageLogger.scala:668)
	at com.databricks.spark.util.UsageLogging$.withAttributionTags(UsageLogger.scala:780)
	at com.databricks.spark.util.UsageLogging$.withAttributionTags(UsageLogger.scala:789)
	at com.databricks.spark.util.UsageLogging.withAttributionTags(UsageLogger.scala:668)
	at com.databricks.spark.util.UsageLogging.withAttributionTags$(UsageLogger.scala:666)
	at org.apache.spark.sql.execution.streaming.runtime.StreamExecution.withAttributionTags(StreamExecution.scala:154)
	at org.apache.spark.sql.execution.streaming.runtime.MicroBatchExecution.executeOneBatch(MicroBatchExecution.scala:2431)
	at org.apache.spark.sql.execution.streaming.runtime.MicroBatchExecution.$anonfun$executeOneBatchWithDowngradeHandling$1(MicroBatchExecution.scala:2378)
	at scala.runtime.java8.JFunction0$mcZ$sp.apply(JFunction0$mcZ$sp.scala:17)
	at com.databricks.util.LexicalThreadLocal$Handle.runWith(LexicalThreadLocal.scala:63)
	at org.apache.spark.sql.execution.streaming.runtime.StreamExecution.withMicroBatchUcCache(StreamExecution.scala:500)
	at org.apache.spark.sql.execution.streaming.runtime.MicroBatchExecution.executeOneBatchWithDowngradeHandling(MicroBatchExecution.scala:2377)
	at org.apache.spark.sql.execution.streaming.runtime.MicroBatchExecution.$anonfun$runActivatedStreamWithListener$1(MicroBatchExecution.scala:2365)
	at org.apache.spark.sql.execution.streaming.runtime.MicroBatchExecution.$anonfun$runActivatedStreamWithListener$1$adapted(MicroBatchExecution.scala:2365)
	at org.apache.spark.sql.execution.streaming.runtime.TriggerExecutor.runOneBatch(TriggerExecutor.scala:86)
	at org.apache.spark.sql.execution.streaming.runtime.TriggerExecutor.runOneBatch$(TriggerExecutor.scala:74)
	at org.apache.spark.sql.execution.streaming.runtime.MultiBatchExecutor.runOneBatch(TriggerExecutor.scala:112)
	at org.apache.spark.sql.execution.streaming.runtime.MultiBatchExecutor.execute(TriggerExecutor.scala:120)
	at org.apache.spark.sql.execution.streaming.runtime.MicroBatchExecution.runActivatedStreamWithListener(MicroBatchExecution.scala:2365)
	at org.apache.spark.sql.execution.streaming.runtime.MicroBatchExecution.runActivatedStream(MicroBatchExecution.scala:1139)
	at org.apache.spark.sql.execution.streaming.runtime.StreamExecution.$anonfun$runStream$2(StreamExecution.scala:801)
	at scala.runtime.java8.JFunction0$mcV$sp.apply(JFunction0$mcV$sp.scala:18)
	at org.apache.spark.sql.SparkSession.withActive(SparkSession.scala:866)
	at org.apache.spark.sql.execution.streaming.runtime.StreamExecution.$anonfun$runStream$1(StreamExecution.scala:712)
	at scala.runtime.java8.JFunction0$mcV$sp.apply(JFunction0$mcV$sp.scala:18)
	at com.databricks.logging.AttributionContextTracing.$anonfun$withAttributionContext$1(AttributionContextTracing.scala:146)
	at com.databricks.logging.AttributionContext$.withValue(AttributionContext.scala:354)
	at com.databricks.logging.AttributionContextTracing.withAttributionContext(AttributionContextTracing.scala:144)
	at com.databricks.logging.AttributionContextTracing.withAttributionContext$(AttributionContextTracing.scala:141)
	at com.databricks.spark.util.PublicDBLogging.withAttributionContext(DatabricksSparkUsageLogger.scala:32)
	at com.databricks.logging.AttributionContextTracing.withAttributionTags(AttributionContextTracing.scala:201)
	at com.databricks.logging.AttributionContextTracing.withAttributionTags$(AttributionContextTracing.scala:182)
	at com.databricks.spark.util.PublicDBLogging.withAttributionTags(DatabricksSparkUsageLogger.scala:32)
	at com.databricks.spark.util.PublicDBLogging.withAttributionTags0(DatabricksSparkUsageLogger.scala:108)
	at com.databricks.spark.util.DatabricksSparkUsageLogger.withAttributionTags(DatabricksSparkUsageLogger.scala:279)
	at com.databricks.spark.util.UsageLogging.$anonfun$withAttributionTags$1(UsageLogger.scala:668)
	at com.databricks.spark.util.UsageLogging$.withAttributionTags(UsageLogger.scala:780)
	at com.databricks.spark.util.UsageLogging$.withAttributionTags(UsageLogger.scala:789)
	at com.databricks.spark.util.UsageLogging.withAttributionTags(UsageLogger.scala:668)
	at com.databricks.spark.util.UsageLogging.withAttributionTags$(UsageLogger.scala:666)
	at org.apache.spark.sql.execution.streaming.runtime.StreamExecution.withAttributionTags(StreamExecution.scala:154)
	at org.apache.spark.sql.execution.streaming.runtime.StreamExecution.org$apache$spark$sql$execution$streaming$runtime$StreamExecution$$runStream(StreamExecution.scala:656)
	at org.apache.spark.sql.execution.streaming.runtime.StreamExecution$$anon$1.$anonfun$run$2(StreamExecution.scala:543)
	at scala.runtime.java8.JFunction0$mcV$sp.apply(JFunction0$mcV$sp.scala:18)
	at com.databricks.unity.UCSEphemeralState$Handle.runWith(UCSEphemeralState.scala:51)
	at com.databricks.unity.HandleImpl.runWith(UCSHandle.scala:130)
	at com.databricks.unity.HandleImpl.$anonfun$runWithAndClose$1(UCSHandle.scala:139)
	at scala.util.Using$.resource(Using.scala:296)
	at com.databricks.unity.HandleImpl.runWithAndClose(UCSHandle.scala:138)
	at org.apache.spark.sql.execution.streaming.runtime.StreamExecution$$anon$1.run(StreamExecution.scala:543)
---------------------------------------------------------------------------
StreamingQueryException                   Traceback (most recent call last)
File ~/.ipykernel/67/command--1-2776199325:9
      6 del sys
      8 with open(filename, "rb") as f:
----> 9   exec(compile(f.read(), filename, 'exec'))

File /Workspace/Users/<me>/.bundle/lakehouse-rag/smoke/files/databricks/ingest_job.py:14
     11 from ingestion.spark.run import main
     13 if __name__ == "__main__":
---> 14     main(sys.argv[1:])

File /local_disk0/.ephemeral_nfs/envs/pythonEnv-d28657cc-7eab-4b78-af8c-2e92dff57d75/lib/python3.12/site-packages/ingestion/spark/run.py:48, in main(argv)
     46 try:
     47     for step in args.steps:
---> 48         STEPS[step](spark, settings)
     49 finally:
     50     spark.stop()

File /local_disk0/.ephemeral_nfs/envs/pythonEnv-d28657cc-7eab-4b78-af8c-2e92dff57d75/lib/python3.12/site-packages/ingestion/spark/bronze.py:75, in run(spark, settings)
     64 manifests = (
     65     spark.readStream.schema(MANIFEST_DDL)
     66     .option("maxFilesPerTrigger", settings.manifest_files_per_batch)
     67     .json(settings.manifests_path)
     68 )
     69 query = (
     70     manifests.writeStream.trigger(availableNow=True)
     71     .option("checkpointLocation", settings.checkpoint_path("bronze_objects"))
     72     .foreachBatch(lambda batch, _batch_id: merge_batch(batch, table_path, settings))
     73     .start()
     74 )
---> 75 query.awaitTermination()
     76 log.info("bronze up to date: %s", table_path)

File /databricks/python/lib/python3.12/site-packages/pyspark/sql/connect/streaming/query.py:96, in StreamingQuery.awaitTermination(self, timeout)
     94 await_termination_cmd = pb2.StreamingQueryCommand.AwaitTerminationCommand()
     95 cmd.await_termination.CopyFrom(await_termination_cmd)
---> 96 self._execute_streaming_query_cmd(cmd)
     97 return None

File /databricks/python/lib/python3.12/site-packages/pyspark/sql/connect/streaming/query.py:184, in StreamingQuery._execute_streaming_query_cmd(self, cmd)
    182 exec_cmd = pb2.Command()
    183 exec_cmd.streaming_query_command.CopyFrom(cmd)
--> 184 _, properties, _ = self._session.client.execute_command(exec_cmd)
    185 return cast(pb2.StreamingQueryCommandResult, properties["streaming_query_command_result"])

File /databricks/python/lib/python3.12/site-packages/pyspark/sql/connect/client/core.py:1812, in SparkConnectClient.execute_command(self, command, observations, extra_request_metadata)
   1810 req = self._execute_plan_request_with_metadata()
   1811 self._set_command_in_plan(req.plan, command)
-> 1812 data, _, metrics, observed_metrics, properties = self._execute_and_fetch(
   1813     req, observations or {}, extra_request_metadata
   1814 )
   1815 # Create a query execution object.
   1816 ei = ExecutionInfo(metrics, observed_metrics, req.operation_id)

File /databricks/python/lib/python3.12/site-packages/pyspark/sql/connect/client/core.py:2411, in SparkConnectClient._execute_and_fetch(self, req, observations, extra_request_metadata, self_destruct)
   2408 properties: Dict[str, Any] = {}
   2410 with Progress(handlers=self._progress_handlers, operation_id=req.operation_id) as progress:
-> 2411     for response in self._execute_and_fetch_as_iterator(
   2412         req, observations, extra_request_metadata or [], progress=progress
   2413     ):
   2414         if isinstance(response, StructType):
   2415             schema = response

File /databricks/python/lib/python3.12/site-packages/pyspark/sql/connect/client/core.py:2387, in SparkConnectClient._execute_and_fetch_as_iterator(self, req, observations, extra_request_metadata, progress)
   2385     raise kb
   2386 except Exception as error:
-> 2387     self._handle_error(error, req.operation_id)

File /databricks/python/lib/python3.12/site-packages/pyspark/sql/connect/client/core.py:2785, in SparkConnectClient._handle_error(self, error, operation_id)
   2783 try:
   2784     if isinstance(error, grpc.RpcError):
-> 2785         self._handle_rpc_error(error)
   2786     raise error
   2787 except BaseException as handled_error:

File /databricks/python/lib/python3.12/site-packages/pyspark/sql/connect/client/core.py:2882, in SparkConnectClient._handle_rpc_error(self, rpc_error)
   2878             logger.debug(f"Received ErrorInfo: {info}")
   2880             self._handle_rpc_error_with_error_info(info, status.message, status_code)  # EDGE
-> 2882             raise convert_exception(
   2883                 info,
   2884                 status.message,
   2885                 self._fetch_enriched_error(info),
   2886                 self._display_server_stack_trace(),
   2887                 status_code,
   2888             ) from None
   2890     raise SparkConnectGrpcException(
   2891         message=status.message,
   2892         sql_state=ErrorCode.CLIENT_UNEXPECTED_MISSING_SQL_STATE,  # EDGE
   2893         grpc_status_code=status_code,
   2894     ) from None
   2895 else:

File /databricks/python/lib/python3.12/site-packages/databricks/sdk/config.py:834, in init_auth()
    832 def init_auth(self):
    833     try:
--> 834         self._header_factory = self._credentials_strategy(self)
    835         self.auth_type = self._credentials_strategy.auth_type()
    836         if not self._header_factory:

File /databricks/python/lib/python3.12/site-packages/databricks/sdk/credentials_provider.py:1480, in __call__()
   1478         raise ValueError(f"{auth_type}: {e}") from e
   1479 auth_flow_url = "https://docs.databricks.com/en/dev-tools/auth.html#databricks-client-unified-authentication"
-> 1480 raise ValueError(
   1481     f"cannot configure default credentials, please check {auth_flow_url} to configure credentials for your preferred authentication method."
   1482 )

StreamingQueryException: [STREAM_FAILED] Query [id = 60afcb9a-4e7d-4bfb-b50a-b083bb06325a, runId = 1ca1cd9e-a5d2-4cd6-a8fe-4da1a5c17dc7] terminated with exception: [PYTHON_EXCEPTION] [root session: f965bdd8-8c32-4672-8dd7-5ca186433905][cloned session: 4905e4a1-e91a-4a18-8f0d-b94c34f22513][userId: 73050449987489] Found error inside foreachBatch Python process: Traceback (most recent call last):
  File "/databricks/python/lib/python3.12/site-packages/databricks/sdk/config.py", line 834, in init_auth
    self._header_factory = self._credentials_strategy(self)
                           ^^^^^^^^^^^^^^^^^^^^^^^^^^^^^^^^
  File "/databricks/python/lib/python3.12/site-packages/databricks/sdk/credentials_provider.py", line 1480, in __call__
    raise ValueError(
ValueError: cannot configure default credentials, please check https://docs.databricks.com/en/dev-tools/auth.html#databricks-client-unified-authentication to configure credentials for your preferred authentication method.

The above exception was the direct cause of the following exception:

Traceback (most recent call last):
  File "/databricks/python/lib/python3.12/site-packages/databricks/sdk/config.py", line 323, in __init__
    self.init_auth()
  File "/databricks/python/lib/python3.12/site-packages/databricks/sdk/config.py", line 839, in init_auth
    raise ValueError(f"{self._credentials_strategy.auth_type()} auth: {e}") from e
ValueError: default auth: cannot configure default credentials, please check https://docs.databricks.com/en/dev-tools/auth.html#databricks-client-unified-authentication to configure credentials for your preferred authentication method.

The above exception was the direct cause of the following exception:

Traceback (most recent call last):
  File "/databricks/spark/python/_engine_pyspark.zip/_engine_pyspark/sql/connect/streaming/worker/foreach_batch_worker.py", line 173, in main
    process(df_ref_id, int(batch_id))
  File "/databricks/spark/python/_engine_pyspark.zip/_engine_pyspark/sql/connect/streaming/worker/foreach_batch_worker.py", line 77, in process
    func(batch_df, batch_id)
  File "/local_disk0/.ephemeral_nfs/envs/pythonEnv-d28657cc-7eab-4b78-af8c-2e92dff57d75/lib/python3.12/site-packages/ingestion/spark/bronze.py", line 72, in <lambda>
  File "/local_disk0/.ephemeral_nfs/envs/pythonEnv-645dbd5d-5c9f-4746-ad1e-61d7005c3dcc/lib/python3.12/site-packages/ingestion/spark/bronze.py", line 39, in merge_batch
    service_credentials(settings.service_credential, settings.region)
  File "/local_disk0/.ephemeral_nfs/envs/pythonEnv-645dbd5d-5c9f-4746-ad1e-61d7005c3dcc/lib/python3.12/site-packages/ingestion/spark/objects.py", line 51, in service_credentials
    from databricks.sdk.runtime import dbutils  # type: ignore[import-not-found,unused-ignore]
    ^^^^^^^^^^^^^^^^^^^^^^^^^^^^^^^^^^^^^^^^^^
  File "/databricks/python/lib/python3.12/site-packages/databricks/sdk/runtime/__init__.py", line 214, in <module>
    dbutils = RemoteDbUtils()
              ^^^^^^^^^^^^^^^
  File "/databricks/python/lib/python3.12/site-packages/databricks/sdk/dbutils.py", line 216, in __init__
    self._config = Config() if not config else config.copy()
                   ^^^^^^^^
  File "/databricks/python/lib/python3.12/site-packages/databricks/sdk/config.py", line 327, in __init__
    raise ValueError(message) from e
ValueError: default auth: cannot configure default credentials, please check https://docs.databricks.com/en/dev-tools/auth.html#databricks-client-unified-authentication to configure credentials for your preferred authentication method.
 SQLSTATE: 38000 SQLSTATE: XXKST
=== Streaming Query ===
Identifier: [id = 60afcb9a-4e7d-4bfb-b50a-b083bb06325a, runId = 1ca1cd9e-a5d2-4cd6-a8fe-4da1a5c17dc7]
Current Start Offsets: {}
Current End Offsets: {FileStreamSource[s3://larkspur-smoke-lake/manifests]: {"logOffset":0}}

Current State: ACTIVE
Thread State: RUNNABLE

Logical Plan:
~WriteToMicroBatchDataSourceV1 ForeachBatchSink, 60afcb9a-4e7d-4bfb-b50a-b083bb06325a, [checkpointLocation=s3://larkspur-smoke-lake/_checkpoints/bronze_objects], Append
+- ~StreamingExecutionRelation FileStreamSource[s3://larkspur-smoke-lake/manifests], [manifest_version#10394, event_id#10395, event_type#10396, event_name#10397, bucket#10398, key#10399, version_id#10400, etag#10401, size#10402L, event_time#10403, sequencer#10404, sort_key#10405, content_type#10406, doc_id#10407, source_type#10408, title#10409, owner#10410, allowed_groups#10411, source_updated_at#10412, metadata#10413, registered_at#10414, dt#10415], name=<Unassigned>


Physical Plan:
PhotonResultStage
+- PhotonColumnarToRow
   +- PhotonJsonScan json [manifest_version#10440,event_id#10441,event_type#10442,event_name#10443,bucket#10444,key#10445,version_id#10446,etag#10447,size#10448L,event_time#10449,sequencer#10450,sort_key#10451,content_type#10452,doc_id#10453,source_type#10454,title#10455,owner#10456,allowed_groups#10457,source_updated_at#10458,metadata#10459,registered_at#10460,dt#10461] Batched: true, DataFilters: [], Format: JSON, Location: InMemoryFileIndex(157 paths)[s3://larkspur-smoke-lake/manifests/dt=2026-10-08/9d5c307d883168964d8..., PartitionFilters: [], PushedFilters: [], ReadSchema: struct<manifest_version:int,event_id:string,event_type:string,event_name:string,bucket:string,key...


JVM stacktrace:
org.apache.spark.sql.streaming.StreamingQueryException
	at org.apache.spark.sql.execution.streaming.runtime.StreamExecution.$anonfun$runStream$1(StreamExecution.scala:898)
	at scala.runtime.java8.JFunction0$mcV$sp.apply(JFunction0$mcV$sp.scala:18)
	at com.databricks.logging.AttributionContextTracing.$anonfun$withAttributionContext$1(AttributionContextTracing.scala:146)
	at com.databricks.logging.AttributionContext$.withValue(AttributionContext.scala:354)
	at com.databricks.logging.AttributionContextTracing.withAttributionContext(AttributionContextTracing.scala:144)
	at com.databricks.logging.AttributionContextTracing.withAttributionContext$(AttributionContextTracing.scala:141)
	at com.databricks.spark.util.PublicDBLogging.withAttributionContext(DatabricksSparkUsageLogger.scala:32)
	at com.databricks.logging.AttributionContextTracing.withAttributionTags(AttributionContextTracing.scala:201)
	at com.databricks.logging.AttributionContextTracing.withAttributionTags$(AttributionContextTracing.scala:182)
	at com.databricks.spark.util.PublicDBLogging.withAttributionTags(DatabricksSparkUsageLogger.scala:32)
	at com.databricks.spark.util.PublicDBLogging.withAttributionTags0(DatabricksSparkUsageLogger.scala:108)
	at com.databricks.spark.util.DatabricksSparkUsageLogger.withAttributionTags(DatabricksSparkUsageLogger.scala:279)
	at com.databricks.spark.util.UsageLogging.$anonfun$withAttributionTags$1(UsageLogger.scala:668)
	at com.databricks.spark.util.UsageLogging$.withAttributionTags(UsageLogger.scala:780)
	at com.databricks.spark.util.UsageLogging$.withAttributionTags(UsageLogger.scala:789)
	at com.databricks.spark.util.UsageLogging.withAttributionTags(UsageLogger.scala:668)
	at com.databricks.spark.util.UsageLogging.withAttributionTags$(UsageLogger.scala:666)
	at org.apache.spark.sql.execution.streaming.runtime.StreamExecution.withAttributionTags(StreamExecution.scala:154)
	at org.apache.spark.sql.execution.streaming.runtime.StreamExecution.org$apache$spark$sql$execution$streaming$runtime$StreamExecution$$runStream(StreamExecution.scala:656)
	at org.apache.spark.sql.execution.streaming.runtime.StreamExecution$$anon$1.$anonfun$run$2(StreamExecution.scala:543)
	at scala.runtime.java8.JFunction0$mcV$sp.apply(JFunction0$mcV$sp.scala:18)
	at com.databricks.unity.UCSEphemeralState$Handle.runWith(UCSEphemeralState.scala:51)
	at com.databricks.unity.HandleImpl.runWith(UCSHandle.scala:130)
	at com.databricks.unity.HandleImpl.$anonfun$runWithAndClose$1(UCSHandle.scala:139)
	at scala.util.Using$.resource(Using.scala:296)
	at com.databricks.unity.HandleImpl.runWithAndClose(UCSHandle.scala:138)
	at org.apache.spark.sql.execution.streaming.runtime.StreamExecution$$anon$1.run(StreamExecution.scala:543)
Caused by: org.apache.spark.api.python.PythonException: [PYTHON_EXCEPTION] [root session: f965bdd8-8c32-4672-8dd7-5ca186433905][cloned session: 4905e4a1-e91a-4a18-8f0d-b94c34f22513][userId: 73050449987489] Found error inside foreachBatch Python process: Traceback (most recent call last):
  File "/databricks/python/lib/python3.12/site-packages/databricks/sdk/config.py", line 834, in init_auth
    self._header_factory = self._credentials_strategy(self)
                           ^^^^^^^^^^^^^^^^^^^^^^^^^^^^^^^^
  File "/databricks/python/lib/python3.12/site-packages/databricks/sdk/credentials_provider.py", line 1480, in __call__
    raise ValueError(
ValueError: cannot configure default credentials, please check https://docs.databricks.com/en/dev-tools/auth.html#databricks-client-unified-authentication to configure credentials for your preferred authentication method.

The above exception was the direct cause of the following exception:

Traceback (most recent call last):
  File "/databricks/python/lib/python3.12/site-packages/databricks/sdk/config.py", line 323, in __init__
    self.init_auth()
  File "/databricks/python/lib/python3.12/site-packages/databricks/sdk/config.py", line 839, in init_auth
    raise ValueError(f"{self._credentials_strategy.auth_type()} auth: {e}") from e
ValueError: default auth: cannot configure default credentials, please check https://docs.databricks.com/en/dev-tools/auth.html#databricks-client-unified-authentication to configure credentials for your preferred authentication method.

The above exception was the direct cause of the following exception:

Traceback (most recent call last):
  File "/databricks/spark/python/_engine_pyspark.zip/_engine_pyspark/sql/connect/streaming/worker/foreach_batch_worker.py", line 173, in main
    process(df_ref_id, int(batch_id))
  File "/databricks/spark/python/_engine_pyspark.zip/_engine_pyspark/sql/connect/streaming/worker/foreach_batch_worker.py", line 77, in process
    func(batch_df, batch_id)
  File "/local_disk0/.ephemeral_nfs/envs/pythonEnv-d28657cc-7eab-4b78-af8c-2e92dff57d75/lib/python3.12/site-packages/ingestion/spark/bronze.py", line 72, in <lambda>
  File "/local_disk0/.ephemeral_nfs/envs/pythonEnv-645dbd5d-5c9f-4746-ad1e-61d7005c3dcc/lib/python3.12/site-packages/ingestion/spark/bronze.py", line 39, in merge_batch
    service_credentials(settings.service_credential, settings.region)
  File "/local_disk0/.ephemeral_nfs/envs/pythonEnv-645dbd5d-5c9f-4746-ad1e-61d7005c3dcc/lib/python3.12/site-packages/ingestion/spark/objects.py", line 51, in service_credentials
    from databricks.sdk.runtime import dbutils  # type: ignore[import-not-found,unused-ignore]
    ^^^^^^^^^^^^^^^^^^^^^^^^^^^^^^^^^^^^^^^^^^
  File "/databricks/python/lib/python3.12/site-packages/databricks/sdk/runtime/__init__.py", line 214, in <module>
    dbutils = RemoteDbUtils()
              ^^^^^^^^^^^^^^^
  File "/databricks/python/lib/python3.12/site-packages/databricks/sdk/dbutils.py", line 216, in __init__
    self._config = Config() if not config else config.copy()
                   ^^^^^^^^
  File "/databricks/python/lib/python3.12/site-packages/databricks/sdk/config.py", line 327, in __init__
    raise ValueError(message) from e
ValueError: default auth: cannot configure default credentials, please check https://docs.databricks.com/en/dev-tools/auth.html#databricks-client-unified-authentication to configure credentials for your preferred authentication method.
 SQLSTATE: 38000
	at org.apache.spark.sql.connect.planner.StreamingForeachBatchHelper$.$anonfun$pythonForeachBatchWrapper$19(StreamingForeachBatchHelper.scala:632)
	at org.apache.spark.sql.connect.planner.StreamingForeachBatchHelper$.$anonfun$pythonForeachBatchWrapper$19$adapted(StreamingForeachBatchHelper.scala:601)
	at org.apache.spark.sql.connect.planner.StreamingForeachBatchHelper$.$anonfun$dataFrameCachingWrapper$1(StreamingForeachBatchHelper.scala:214)
	at org.apache.spark.sql.connect.planner.StreamingForeachBatchHelper$.$anonfun$dataFrameCachingWrapper$1$adapted(StreamingForeachBatchHelper.scala:194)
	at org.apache.spark.sql.execution.streaming.sources.ForeachBatchSink.callBatchWriter(ForeachBatchSink.scala:239)
	at org.apache.spark.sql.execution.streaming.sources.ForeachBatchSink.addBatchOptimized(ForeachBatchSink.scala:411)
	at org.apache.spark.sql.execution.streaming.sources.ForeachBatchSink.$anonfun$addBatch$4(ForeachBatchSink.scala:149)
	at scala.runtime.java8.JFunction0$mcV$sp.apply(JFunction0$mcV$sp.scala:18)
	at org.apache.spark.util.Utils$.timeTakenMs(Utils.scala:599)
	at org.apache.spark.sql.execution.streaming.sources.ForeachBatchSink.addBatch(ForeachBatchSink.scala:132)
	at org.apache.spark.sql.execution.streaming.runtime.MicroBatchExecution.$anonfun$addBatch$4(MicroBatchExecution.scala:3672)
	at scala.runtime.java8.JFunction0$mcV$sp.apply(JFunction0$mcV$sp.scala:18)
	at org.apache.spark.sql.execution.streaming.StructuredApiLogger$.logApiEvent(SupportsStructuredApiLogging.scala:226)
	at org.apache.spark.sql.execution.streaming.runtime.MicroBatchExecution.addBatch(MicroBatchExecution.scala:3672)
	at org.apache.spark.sql.execution.streaming.runtime.MicroBatchExecution.$anonfun$runBatch$38(MicroBatchExecution.scala:4367)
	at scala.runtime.java8.JFunction0$mcV$sp.apply(JFunction0$mcV$sp.scala:18)
	at com.databricks.spark.util.FrameProfiler$.$anonfun$record$1(FrameProfiler.scala:114)
	at com.databricks.spark.util.FrameProfilerExporter$.maybeExportFrameProfiler(FrameProfilerExporter.scala:201)
	at com.databricks.spark.util.FrameProfiler$.record(FrameProfiler.scala:105)
	at org.apache.spark.sql.execution.streaming.runtime.ProgressContext.reportTimeTaken(ProgressReporter.scala:364)
	at org.apache.spark.sql.execution.streaming.runtime.MicroBatchExecution.$anonfun$markAndTimeCollectBatch$1(MicroBatchExecution.scala:3690)
	at org.apache.spark.sql.execution.streaming.runtime.StreamingQueryBatchActivityRecorder.recordPhase(StreamingQueryBatchActivityRecorder.scala:50)
	at org.apache.spark.sql.execution.streaming.runtime.MicroBatchExecution.markAndTimeCollectBatch(MicroBatchExecution.scala:3689)
	at org.apache.spark.sql.execution.streaming.runtime.MicroBatchExecution.$anonfun$runBatch$37(MicroBatchExecution.scala:4367)
	at org.apache.spark.sql.execution.SQLExecution$.$anonfun$withNewExecutionId0$23(SQLExecution.scala:1309)
	at com.databricks.sql.util.MemoryTrackerHelper.withMemoryTracking(MemoryTrackerHelper.scala:111)
	at org.apache.spark.sql.execution.SQLExecution$.$anonfun$withNewExecutionId0$20(SQLExecution.scala:1225)
	at com.databricks.unity.UCSManager$.withTemporaryScope(UCSManager.scala:168)
	at org.apache.spark.sql.execution.SQLExecution$.$anonfun$withNewExecutionId0$19(SQLExecution.scala:1114)
	at org.apache.spark.sql.execution.SQLExecution$.withSessionTagsApplied(SQLExecution.scala:1989)
	at org.apache.spark.sql.execution.SQLExecution$.$anonfun$withNewExecutionId0$18(SQLExecution.scala:1103)
	at org.apache.spark.JobArtifactSet$.withActiveJobArtifactState(JobArtifactSet.scala:97)
	at org.apache.spark.sql.artifact.ArtifactManager.$anonfun$withResources$1(ArtifactManager.scala:124)
	at org.apache.spark.sql.artifact.ArtifactManager.withClassLoaderIfNeeded(ArtifactManager.scala:118)
	at org.apache.spark.sql.artifact.ArtifactManager.withResources(ArtifactManager.scala:123)
	at org.apache.spark.sql.execution.SQLExecution$.$anonfun$withNewExecutionId0$17(SQLExecution.scala:1103)
	at org.apache.spark.sql.execution.SQLExecution$.withSQLConfPropagated(SQLExecution.scala:2024)
	at org.apache.spark.sql.execution.SQLExecution$.$anonfun$withNewExecutionId0$1(SQLExecution.scala:1102)
	at org.apache.spark.sql.SparkSession.withActive(SparkSession.scala:866)
	at org.apache.spark.sql.execution.SQLExecution$.withNewExecutionId0(SQLExecution.scala:823)
	at org.apache.spark.sql.execution.SQLExecution$.withNewExecutionId(SQLExecution.scala:1942)
	at org.apache.spark.sql.execution.streaming.runtime.MicroBatchExecution.withSQLExecutionContext$1(MicroBatchExecution.scala:4354)
	at org.apache.spark.sql.execution.streaming.runtime.MicroBatchExecution.$anonfun$runBatch$35(MicroBatchExecution.scala:4358)
	at com.databricks.spark.util.FrameProfiler$.$anonfun$record$1(FrameProfiler.scala:114)
	at com.databricks.spark.util.FrameProfilerExporter$.maybeExportFrameProfiler(FrameProfilerExporter.scala:201)
	at com.databricks.spark.util.FrameProfiler$.record(FrameProfiler.scala:105)
	at org.apache.spark.sql.execution.streaming.runtime.ProgressContext.reportTimeTaken(ProgressReporter.scala:364)
	at org.apache.spark.sql.execution.streaming.runtime.MicroBatchExecutionContext.$anonfun$reportTimeTakenAndRecordPhase$1(StreamExecutionContext.scala:279)
	at org.apache.spark.sql.execution.streaming.runtime.StreamingQueryBatchActivityRecorder.recordPhase(StreamingQueryBatchActivityRecorder.scala:50)
	at org.apache.spark.sql.execution.streaming.runtime.MicroBatchExecutionContext.reportTimeTakenAndRecordPhase(StreamExecutionContext.scala:279)
	at org.apache.spark.sql.execution.streaming.runtime.MicroBatchExecution.runBatch(MicroBatchExecution.scala:4329)
	at org.apache.spark.sql.execution.streaming.runtime.MicroBatchExecution.$anonfun$executeOneBatch$8(MicroBatchExecution.scala:2518)
	at org.apache.spark.sql.execution.streaming.runtime.MicroBatchExecution.handleDataSourceException(MicroBatchExecution.scala:5390)
	at org.apache.spark.sql.execution.streaming.runtime.MicroBatchExecution.$anonfun$executeOneBatch$7(MicroBatchExecution.scala:2518)
	at org.apache.spark.sql.execution.streaming.runtime.MicroBatchExecution.withSchemaEvolution(MicroBatchExecution.scala:5335)
	at org.apache.spark.sql.execution.streaming.runtime.MicroBatchExecution.$anonfun$executeOneBatch$4(MicroBatchExecution.scala:2514)
	at scala.runtime.java8.JFunction0$mcV$sp.apply(JFunction0$mcV$sp.scala:18)
	at com.databricks.spark.util.FrameProfiler$.$anonfun$record$1(FrameProfiler.scala:114)
	at com.databricks.spark.util.FrameProfilerExporter$.maybeExportFrameProfiler(FrameProfilerExporter.scala:201)
	at com.databricks.spark.util.FrameProfiler$.record(FrameProfiler.scala:105)
	at org.apache.spark.sql.execution.streaming.runtime.ProgressContext.reportTimeTaken(ProgressReporter.scala:364)
	at org.apache.spark.sql.execution.streaming.runtime.MicroBatchExecution.$anonfun$executeOneBatch$3(MicroBatchExecution.scala:2438)
	at scala.runtime.java8.JFunction0$mcV$sp.apply(JFunction0$mcV$sp.scala:18)
	at com.databricks.logging.AttributionContextTracing.$anonfun$withAttributionContext$1(AttributionContextTracing.scala:146)
	at com.databricks.logging.AttributionContext$.withValue(AttributionContext.scala:354)
	at com.databricks.logging.AttributionContextTracing.withAttributionContext(AttributionContextTracing.scala:144)
	at com.databricks.logging.AttributionContextTracing.withAttributionContext$(AttributionContextTracing.scala:141)
	at com.databricks.spark.util.PublicDBLogging.withAttributionContext(DatabricksSparkUsageLogger.scala:32)
	at com.databricks.logging.AttributionContextTracing.withAttributionTags(AttributionContextTracing.scala:201)
	at com.databricks.logging.AttributionContextTracing.withAttributionTags$(AttributionContextTracing.scala:182)
	at com.databricks.spark.util.PublicDBLogging.withAttributionTags(DatabricksSparkUsageLogger.scala:32)
	at com.databricks.spark.util.PublicDBLogging.withAttributionTags0(DatabricksSparkUsageLogger.scala:108)
	at com.databricks.spark.util.DatabricksSparkUsageLogger.withAttributionTags(DatabricksSparkUsageLogger.scala:279)
	at com.databricks.spark.util.UsageLogging.$anonfun$withAttributionTags$1(UsageLogger.scala:668)
	at com.databricks.spark.util.UsageLogging$.withAttributionTags(UsageLogger.scala:780)
	at com.databricks.spark.util.UsageLogging$.withAttributionTags(UsageLogger.scala:789)
	at com.databricks.spark.util.UsageLogging.withAttributionTags(UsageLogger.scala:668)
	at com.databricks.spark.util.UsageLogging.withAttributionTags$(UsageLogger.scala:666)
	at org.apache.spark.sql.execution.streaming.runtime.StreamExecution.withAttributionTags(StreamExecution.scala:154)
	at org.apache.spark.sql.execution.streaming.runtime.MicroBatchExecution.executeOneBatch(MicroBatchExecution.scala:2431)
	at org.apache.spark.sql.execution.streaming.runtime.MicroBatchExecution.$anonfun$executeOneBatchWithDowngradeHandling$1(MicroBatchExecution.scala:2378)
	at scala.runtime.java8.JFunction0$mcZ$sp.apply(JFunction0$mcZ$sp.scala:17)
	at com.databricks.util.LexicalThreadLocal$Handle.runWith(LexicalThreadLocal.scala:63)
	at org.apache.spark.sql.execution.streaming.runtime.StreamExecution.withMicroBatchUcCache(StreamExecution.scala:500)
	at org.apache.spark.sql.execution.streaming.runtime.MicroBatchExecution.executeOneBatchWithDowngradeHandling(MicroBatchExecution.scala:2377)
	at org.apache.spark.sql.execution.streaming.runtime.MicroBatchExecution.$anonfun$runActivatedStreamWithListener$1(MicroBatchExecution.scala:2365)
	at org.apache.spark.sql.execution.streaming.runtime.MicroBatchExecution.$anonfun$runActivatedStreamWithListener$1$adapted(MicroBatchExecution.scala:2365)
	at org.apache.spark.sql.execution.streaming.runtime.TriggerExecutor.runOneBatch(TriggerExecutor.scala:86)
	at org.apache.spark.sql.execution.streaming.runtime.TriggerExecutor.runOneBatch$(TriggerExecutor.scala:74)
	at org.apache.spark.sql.execution.streaming.runtime.MultiBatchExecutor.runOneBatch(TriggerExecutor.scala:112)
	at org.apache.spark.sql.execution.streaming.runtime.MultiBatchExecutor.execute(TriggerExecutor.scala:120)
	at org.apache.spark.sql.execution.streaming.runtime.MicroBatchExecution.runActivatedStreamWithListener(MicroBatchExecution.scala:2365)
	at org.apache.spark.sql.execution.streaming.runtime.MicroBatchExecution.runActivatedStream(MicroBatchExecution.scala:1139)
	at org.apache.spark.sql.execution.streaming.runtime.StreamExecution.$anonfun$runStream$2(StreamExecution.scala:801)
	at scala.runtime.java8.JFunction0$mcV$sp.apply(JFunction0$mcV$sp.scala:18)
	at org.apache.spark.sql.SparkSession.withActive(SparkSession.scala:866)
	at org.apache.spark.sql.execution.streaming.runtime.StreamExecution.$anonfun$runStream$1(StreamExecution.scala:712)
	at scala.runtime.java8.JFunction0$mcV$sp.apply(JFunction0$mcV$sp.scala:18)
	at com.databricks.logging.AttributionContextTracing.$anonfun$withAttributionContext$1(AttributionContextTracing.scala:146)
	at com.databricks.logging.AttributionContext$.withValue(AttributionContext.scala:354)
	at com.databricks.logging.AttributionContextTracing.withAttributionContext(AttributionContextTracing.scala:144)
	at com.databricks.logging.AttributionContextTracing.withAttributionContext$(AttributionContextTracing.scala:141)
	at com.databricks.spark.util.PublicDBLogging.withAttributionContext(DatabricksSparkUsageLogger.scala:32)
	at com.databricks.logging.AttributionContextTracing.withAttributionTags(AttributionContextTracing.scala:201)
	at com.databricks.logging.AttributionContextTracing.withAttributionTags$(AttributionContextTracing.scala:182)
	at com.databricks.spark.util.PublicDBLogging.withAttributionTags(DatabricksSparkUsageLogger.scala:32)
	at com.databricks.spark.util.PublicDBLogging.withAttributionTags0(DatabricksSparkUsageLogger.scala:108)
	at com.databricks.spark.util.DatabricksSparkUsageLogger.withAttributionTags(DatabricksSparkUsageLogger.scala:279)
	at com.databricks.spark.util.UsageLogging.$anonfun$withAttributionTags$1(UsageLogger.scala:668)
	at com.databricks.spark.util.UsageLogging$.withAttributionTags(UsageLogger.scala:780)
	at com.databricks.spark.util.UsageLogging$.withAttributionTags(UsageLogger.scala:789)
	at com.databricks.spark.util.UsageLogging.withAttributionTags(UsageLogger.scala:668)
	at com.databricks.spark.util.UsageLogging.withAttributionTags$(UsageLogger.scala:666)
	at org.apache.spark.sql.execution.streaming.runtime.StreamExecution.withAttributionTags(StreamExecution.scala:154)
	at org.apache.spark.sql.execution.streaming.runtime.StreamExecution.org$apache$spark$sql$execution$streaming$runtime$StreamExecution$$runStream(StreamExecution.scala:656)
	at org.apache.spark.sql.execution.streaming.runtime.StreamExecution$$anon$1.$anonfun$run$2(StreamExecution.scala:543)
	at scala.runtime.java8.JFunction0$mcV$sp.apply(JFunction0$mcV$sp.scala:18)
	at com.databricks.unity.UCSEphemeralState$Handle.runWith(UCSEphemeralState.scala:51)
	at com.databricks.unity.HandleImpl.runWith(UCSHandle.scala:130)
	at com.databricks.unity.HandleImpl.$anonfun$runWithAndClose$1(UCSHandle.scala:139)
	at scala.util.Using$.resource(Using.scala:296)
	at com.databricks.unity.HandleImpl.runWithAndClose(UCSHandle.scala:138)
	at org.apache.spark.sql.execution.streaming.runtime.StreamExecution$$anon$1.run(StreamExecution.scala:543)

Error: Task bronze failed!
Error:
[STREAM_FAILED] Query [id = 60afcb9a-4e7d-4bfb-b50a-b083bb06325a, runId = 1ca1cd9e-a5d2-4cd6-a8fe-4da1a5c17dc7] terminated with exception: [PYTHON_EXCEPTION] [root session: f965bdd8-8c32-4672-8dd7-5ca186433905][cloned session: 4905e4a1-e91a-4a18-8f0d-b94c34f22513][userId: 73050449987489] Found error inside foreachBatch Python process: Traceback (most recent call last):
  File "/databricks/python/lib/python3.12/site-packages/databricks/sdk/config.py", line 834, in init_auth
    self._header_factory = self._credentials_strategy(self)
                           ^^^^^^^^^^^^^^^^^^^^^^^^^^^^^^^^
  File "/databricks/python/lib/python3.12/site-packages/databricks/sdk/credentials_provider.py", line 1480, in __call__
    raise ValueError(
ValueError: cannot configure default credentials, please check https://docs.databricks.com/en/dev-tools/auth.html#databricks-client-unified-authentication to configure credentials for your preferred authentication method.

The above exception was the direct cause of the following exception:

Traceback (most recent call last):
  File "/databricks/python/lib/python3.12/site-packages/databricks/sdk/config.py", line 323, in __init__
    self.init_auth()
  File "/databricks/python/lib/python3.12/site-packages/databricks/sdk/config.py", line 839, in init_auth
    raise ValueError(f"{self._credentials_strategy.auth_type()} auth: {e}") from e
ValueError: default auth: cannot configure default credentials, please check https://docs.databricks.com/en/dev-tools/auth.html#databricks-client-unified-authentication to configure credentials for your preferred authentication method.

The above exception was the direct cause of the following exception:

Traceback (most recent call last):
  File "/databricks/spark/python/_engine_pyspark.zip/_engine_pyspark/sql/connect/streaming/worker/foreach_batch_worker.py", line 173, in main
    process(df_ref_id, int(batch_id))
  File "/databricks/spark/python/_engine_pyspark.zip/_engine_pyspark/sql/connect/streaming/worker/foreach_batch_worker.py", line 77, in process
    func(batch_df, batch_id)
  File "/local_disk0/.ephemeral_nfs/envs/pythonEnv-d28657cc-7eab-4b78-af8c-2e92dff57d75/lib/python3.12/site-packages/ingestion/spark/bronze.py", line 72, in 
  File "/local_disk0/.ephemeral_nfs/envs/pythonEnv-645dbd5d-5c9f-4746-ad1e-61d7005c3dcc/lib/python3.12/site-packages/ingestion/spark/bronze.py", line 39, in merge_batch
    service_credentials(settings.service_credential, settings.region)
  File "/local_disk0/.ephemeral_nfs/envs/pythonEnv-645dbd5d-5c9f-4746-ad1e-61d7005c3dcc/lib/python3.12/site-packages/ingestion/spark/objects.py", line 51, in service_credentials
    from databricks.sdk.runtime import dbutils  # type: ignore[import-not-found,unused-ignore]
    ^^^^^^^^^^^^^^^^^^^^^^^^^^^^^^^^^^^^^^^^^^
  File "/databricks/python/lib/python3.12/site-packages/databricks/sdk/runtime/__init__.py", line 214, in 
    dbutils = RemoteDbUtils()
              ^^^^^^^^^^^^^^^
  File "/databricks/python/lib/python3.12/site-packages/databricks/sdk/dbutils.py", line 216, in __init__
    self._config = Config() if not config else config.copy()
                   ^^^^^^^^
  File "/databricks/python/lib/python3.12/site-packages/databricks/sdk/config.py", line 327, in __init__
    raise ValueError(message) from e
ValueError: default auth: cannot configure default credentials, please check https://docs.databricks.com/en/dev-tools/auth.html#databricks-client-unified-authentication to configure credentials for your preferred authentication method.
 SQLSTATE: 38000 SQLSTATE: XXKST
=== Streaming Query ===
Identifier: [id = 60afcb9a-4e7d-4bfb-b50a-b083bb06325a, runId = 1ca1cd9e-a5d2-4cd6-a8fe-4da1a5c17dc7]
Current Start Offsets: {}
Current End Offsets: {FileStreamSource[s3://larkspur-smoke-lake/manifests]: {"logOffset":0}}

Current State: ACTIVE
Thread State: RUNNABLE

Logical Plan:
~WriteToMicroBatchDataSourceV1 ForeachBatchSink, 60afcb9a-4e7d-4bfb-b50a-b083bb06325a, [checkpointLocation=s3://larkspur-smoke-lake/_checkpoints/bronze_objects], Append
+- ~StreamingExecutionRelation FileStreamSource[s3://larkspur-smoke-lake/manifests], [manifest_version#10394, event_id#10395, event_type#10396, event_name#10397, bucket#10398, key#10399, version_id#10400, etag#10401, size#10402L, event_time#10403, sequencer#10404, sort_key#10405, content_type#10406, doc_id#10407, source_type#10408, title#10409, owner#10410, allowed_groups#10411, source_updated_at#10412, metadata#10413, registered_at#10414, dt#10415], name=


Physical Plan:
PhotonResultStage
+- PhotonColumnarToRow
   +- PhotonJsonScan json [manifest_version#10440,event_id#10441,event_type#10442,event_name#10443,bucket#10444,key#10445,version_id#10446,etag#10447,size#10448L,event_time#10449,sequencer#10450,sort_key#10451,content_type#10452,doc_id#10453,source_type#10454,title#10455,owner#10456,allowed_groups#10457,source_updated_at#10458,metadata#10459,registered_at#10460,dt#10461] Batched: true, DataFilters: [], Format: JSON, Location: InMemoryFileIndex(157 paths)[s3://larkspur-smoke-lake/manifests/dt=2026-10-08/9d5c307d883168964d8..., PartitionFilters: [], PushedFilters: [], ReadSchema: struct
  File "/local_disk0/.ephemeral_nfs/envs/pythonEnv-645dbd5d-5c9f-4746-ad1e-61d7005c3dcc/lib/python3.12/site-packages/ingestion/spark/bronze.py", line 39, in merge_batch
    service_credentials(settings.service_credential, settings.region)
  File "/local_disk0/.ephemeral_nfs/envs/pythonEnv-645dbd5d-5c9f-4746-ad1e-61d7005c3dcc/lib/python3.12/site-packages/ingestion/spark/objects.py", line 51, in service_credentials
    from databricks.sdk.runtime import dbutils  # type: ignore[import-not-found,unused-ignore]
    ^^^^^^^^^^^^^^^^^^^^^^^^^^^^^^^^^^^^^^^^^^
  File "/databricks/python/lib/python3.12/site-packages/databricks/sdk/runtime/__init__.py", line 214, in 
    dbutils = RemoteDbUtils()
              ^^^^^^^^^^^^^^^
  File "/databricks/python/lib/python3.12/site-packages/databricks/sdk/dbutils.py", line 216, in __init__
    self._config = Config() if not config else config.copy()
                   ^^^^^^^^
  File "/databricks/python/lib/python3.12/site-packages/databricks/sdk/config.py", line 327, in __init__
    raise ValueError(message) from e
ValueError: default auth: cannot configure default credentials, please check https://docs.databricks.com/en/dev-tools/auth.html#databricks-client-unified-authentication to configure credentials for your preferred authentication method.
 SQLSTATE: 38000
	at org.apache.spark.sql.connect.planner.StreamingForeachBatchHelper$.$anonfun$pythonForeachBatchWrapper$19(StreamingForeachBatchHelper.scala:632)
	at org.apache.spark.sql.connect.planner.StreamingForeachBatchHelper$.$anonfun$pythonForeachBatchWrapper$19$adapted(StreamingForeachBatchHelper.scala:601)
	at org.apache.spark.sql.connect.planner.StreamingForeachBatchHelper$.$anonfun$dataFrameCachingWrapper$1(StreamingForeachBatchHelper.scala:214)
	at org.apache.spark.sql.connect.planner.StreamingForeachBatchHelper$.$anonfun$dataFrameCachingWrapper$1$adapted(StreamingForeachBatchHelper.scala:194)
	at org.apache.spark.sql.execution.streaming.sources.ForeachBatchSink.callBatchWriter(ForeachBatchSink.scala:239)
	at org.apache.spark.sql.execution.streaming.sources.ForeachBatchSink.addBatchOptimized(ForeachBatchSink.scala:411)
	at org.apache.spark.sql.execution.streaming.sources.ForeachBatchSink.$anonfun$addBatch$4(ForeachBatchSink.scala:149)
	at scala.runtime.java8.JFunction0$mcV$sp.apply(JFunction0$mcV$sp.scala:18)
	at org.apache.spark.util.Utils$.timeTakenMs(Utils.scala:599)
	at org.apache.spark.sql.execution.streaming.sources.ForeachBatchSink.addBatch(ForeachBatchSink.scala:132)
	at org.apache.spark.sql.execution.streaming.runtime.MicroBatchExecution.$anonfun$addBatch$4(MicroBatchExecution.scala:3672)
	at scala.runtime.java8.JFunction0$mcV$sp.apply(JFunction0$mcV$sp.scala:18)
	at org.apache.spark.sql.execution.streaming.StructuredApiLogger$.logApiEvent(SupportsStructuredApiLogging.scala:226)
	at org.apache.spark.sql.execution.streaming.runtime.MicroBatchExecution.addBatch(MicroBatchExecution.scala:3672)
	at org.apache.spark.sql.execution.streaming.runtime.MicroBatchExecution.$anonfun$runBatch$38(MicroBatchExecution.scala:4367)
	at scala.runtime.java8.JFunction0$mcV$sp.apply(JFunction0$mcV$sp.scala:18)
	at com.databricks.spark.util.FrameProfiler$.$anonfun$record$1(FrameProfiler.scala:114)
	at com.databricks.spark.util.FrameProfilerExporter$.maybeExportFrameProfiler(FrameProfilerExporter.scala:201)
	at com.databricks.spark.util.FrameProfiler$.record(FrameProfiler.scala:105)
	at org.apache.spark.sql.execution.streaming.runtime.ProgressContext.reportTimeTaken(ProgressReporter.scala:364)
	at org.apache.spark.sql.execution.streaming.runtime.MicroBatchExecution.$anonfun$markAndTimeCollectBatch$1(MicroBatchExecution.scala:3690)
	at org.apache.spark.sql.execution.streaming.runtime.StreamingQueryBatchActivityRecorder.recordPhase(StreamingQueryBatchActivityRecorder.scala:50)
	at org.apache.spark.sql.execution.streaming.runtime.MicroBatchExecution.markAndTimeCollectBatch(MicroBatchExecution.scala:3689)
	at org.apache.spark.sql.execution.streaming.runtime.MicroBatchExecution.$anonfun$runBatch$37(MicroBatchExecution.scala:4367)
	at org.apache.spark.sql.execution.SQLExecution$.$anonfun$withNewExecutionId0$23(SQLExecution.scala:1309)
	at com.databricks.sql.util.MemoryTrackerHelper.withMemoryTracking(MemoryTrackerHelper.scala:111)
	at org.apache.spark.sql.execution.SQLExecution$.$anonfun$withNewExecutionId0$20(SQLExecution.scala:1225)
	at com.databricks.unity.UCSManager$.withTemporaryScope(UCSManager.scala:168)
	at org.apache.spark.sql.execution.SQLExecution$.$anonfun$withNewExecutionId0$19(SQLExecution.scala:1114)
	at org.apache.spark.sql.execution.SQLExecution$.withSessionTagsApplied(SQLExecution.scala:1989)
	at org.apache.spark.sql.execution.SQLExecution$.$anonfun$withNewExecutionId0$18(SQLExecution.scala:1103)
	at org.apache.spark.JobArtifactSet$.withActiveJobArtifactState(JobArtifactSet.scala:97)
	at org.apache.spark.sql.artifact.ArtifactManager.$anonfun$withResources$1(ArtifactManager.scala:124)
	at org.apache.spark.sql.artifact.ArtifactManager.withClassLoaderIfNeeded(ArtifactManager.scala:118)
	at org.apache.spark.sql.artifact.ArtifactManager.withResources(ArtifactManager.scala:123)
	at org.apache.spark.sql.execution.SQLExecution$.$anonfun$withNewExecutionId0$17(SQLExecution.scala:1103)
	at org.apache.spark.sql.execution.SQLExecution$.withSQLConfPropagated(SQLExecution.scala:2024)
	at org.apache.spark.sql.execution.SQLExecution$.$anonfun$withNewExecutionId0$1(SQLExecution.scala:1102)
	at org.apache.spark.sql.SparkSession.withActive(SparkSession.scala:866)
	at org.apache.spark.sql.execution.SQLExecution$.withNewExecutionId0(SQLExecution.scala:823)
	at org.apache.spark.sql.execution.SQLExecution$.withNewExecutionId(SQLExecution.scala:1942)
	at org.apache.spark.sql.execution.streaming.runtime.MicroBatchExecution.withSQLExecutionContext$1(MicroBatchExecution.scala:4354)
	at org.apache.spark.sql.execution.streaming.runtime.MicroBatchExecution.$anonfun$runBatch$35(MicroBatchExecution.scala:4358)
	at com.databricks.spark.util.FrameProfiler$.$anonfun$record$1(FrameProfiler.scala:114)
	at com.databricks.spark.util.FrameProfilerExporter$.maybeExportFrameProfiler(FrameProfilerExporter.scala:201)
	at com.databricks.spark.util.FrameProfiler$.record(FrameProfiler.scala:105)
	at org.apache.spark.sql.execution.streaming.runtime.ProgressContext.reportTimeTaken(ProgressReporter.scala:364)
	at org.apache.spark.sql.execution.streaming.runtime.MicroBatchExecutionContext.$anonfun$reportTimeTakenAndRecordPhase$1(StreamExecutionContext.scala:279)
	at org.apache.spark.sql.execution.streaming.runtime.StreamingQueryBatchActivityRecorder.recordPhase(StreamingQueryBatchActivityRecorder.scala:50)
	at org.apache.spark.sql.execution.streaming.runtime.MicroBatchExecutionContext.reportTimeTakenAndRecordPhase(StreamExecutionContext.scala:279)
	at org.apache.spark.sql.execution.streaming.runtime.MicroBatchExecution.runBatch(MicroBatchExecution.scala:4329)
	at org.apache.spark.sql.execution.streaming.runtime.MicroBatchExecution.$anonfun$executeOneBatch$8(MicroBatchExecution.scala:2518)
	at org.apache.spark.sql.execution.streaming.runtime.MicroBatchExecution.handleDataSourceException(MicroBatchExecution.scala:5390)
	at org.apache.spark.sql.execution.streaming.runtime.MicroBatchExecution.$anonfun$executeOneBatch$7(MicroBatchExecution.scala:2518)
	at org.apache.spark.sql.execution.streaming.runtime.MicroBatchExecution.withSchemaEvolution(MicroBatchExecution.scala:5335)
	at org.apache.spark.sql.execution.streaming.runtime.MicroBatchExecution.$anonfun$executeOneBatch$4(MicroBatchExecution.scala:2514)
	at scala.runtime.java8.JFunction0$mcV$sp.apply(JFunction0$mcV$sp.scala:18)
	at com.databricks.spark.util.FrameProfiler$.$anonfun$record$1(FrameProfiler.scala:114)
	at com.databricks.spark.util.FrameProfilerExporter$.maybeExportFrameProfiler(FrameProfilerExporter.scala:201)
	at com.databricks.spark.util.FrameProfiler$.record(FrameProfiler.scala:105)
	at org.apache.spark.sql.execution.streaming.runtime.ProgressContext.reportTimeTaken(ProgressReporter.scala:364)
	at org.apache.spark.sql.execution.streaming.runtime.MicroBatchExecution.$anonfun$executeOneBatch$3(MicroBatchExecution.scala:2438)
	at scala.runtime.java8.JFunction0$mcV$sp.apply(JFunction0$mcV$sp.scala:18)
	at com.databricks.logging.AttributionContextTracing.$anonfun$withAttributionContext$1(AttributionContextTracing.scala:146)
	at com.databricks.logging.AttributionContext$.withValue(AttributionContext.scala:354)
	at com.databricks.logging.AttributionContextTracing.withAttributionContext(AttributionContextTracing.scala:144)
	at com.databricks.logging.AttributionContextTracing.withAttributionContext$(AttributionContextTracing.scala:141)
	at com.databricks.spark.util.PublicDBLogging.withAttributionContext(DatabricksSparkUsageLogger.scala:32)
	at com.databricks.logging.AttributionContextTracing.withAttributionTags(AttributionContextTracing.scala:201)
	at com.databricks.logging.AttributionContextTracing.withAttributionTags$(AttributionContextTracing.scala:182)
	at com.databricks.spark.util.PublicDBLogging.withAttributionTags(DatabricksSparkUsageLogger.scala:32)
	at com.databricks.spark.util.PublicDBLogging.withAttributionTags0(DatabricksSparkUsageLogger.scala:108)
	at com.databricks.spark.util.DatabricksSparkUsageLogger.withAttributionTags(DatabricksSparkUsageLogger.scala:279)
	at com.databricks.spark.util.UsageLogging.$anonfun$withAttributionTags$1(UsageLogger.scala:668)
	at com.databricks.spark.util.UsageLogging$.withAttributionTags(UsageLogger.scala:780)
	at com.databricks.spark.util.UsageLogging$.withAttributionTags(UsageLogger.scala:789)
	at com.databricks.spark.util.UsageLogging.withAttributionTags(UsageLogger.scala:668)
	at com.databricks.spark.util.UsageLogging.withAttributionTags$(UsageLogger.scala:666)
	at org.apache.spark.sql.execution.streaming.runtime.StreamExecution.withAttributionTags(StreamExecution.scala:154)
	at org.apache.spark.sql.execution.streaming.runtime.MicroBatchExecution.executeOneBatch(MicroBatchExecution.scala:2431)
	at org.apache.spark.sql.execution.streaming.runtime.MicroBatchExecution.$anonfun$executeOneBatchWithDowngradeHandling$1(MicroBatchExecution.scala:2378)
	at scala.runtime.java8.JFunction0$mcZ$sp.apply(JFunction0$mcZ$sp.scala:17)
	at com.databricks.util.LexicalThreadLocal$Handle.runWith(LexicalThreadLocal.scala:63)
	at org.apache.spark.sql.execution.streaming.runtime.StreamExecution.withMicroBatchUcCache(StreamExecution.scala:500)
	at org.apache.spark.sql.execution.streaming.runtime.MicroBatchExecution.executeOneBatchWithDowngradeHandling(MicroBatchExecution.scala:2377)
	at org.apache.spark.sql.execution.streaming.runtime.MicroBatchExecution.$anonfun$runActivatedStreamWithListener$1(MicroBatchExecution.scala:2365)
	at org.apache.spark.sql.execution.streaming.runtime.MicroBatchExecution.$anonfun$runActivatedStreamWithListener$1$adapted(MicroBatchExecution.scala:2365)
	at org.apache.spark.sql.execution.streaming.runtime.TriggerExecutor.runOneBatch(TriggerExecutor.scala:86)
	at org.apache.spark.sql.execution.streaming.runtime.TriggerExecutor.runOneBatch$(TriggerExecutor.scala:74)
	at org.apache.spark.sql.execution.streaming.runtime.MultiBatchExecutor.runOneBatch(TriggerExecutor.scala:112)
	at org.apache.spark.sql.execution.streaming.runtime.MultiBatchExecutor.execute(TriggerExecutor.scala:120)
	at org.apache.spark.sql.execution.streaming.runtime.MicroBatchExecution.runActivatedStreamWithListener(MicroBatchExecution.scala:2365)
	at org.apache.spark.sql.execution.streaming.runtime.MicroBatchExecution.runActivatedStream(MicroBatchExecution.scala:1139)
	at org.apache.spark.sql.execution.streaming.runtime.StreamExecution.$anonfun$runStream$2(StreamExecution.scala:801)
	at scala.runtime.java8.JFunction0$mcV$sp.apply(JFunction0$mcV$sp.scala:18)
	at org.apache.spark.sql.SparkSession.withActive(SparkSession.scala:866)
	at org.apache.spark.sql.execution.streaming.runtime.StreamExecution.$anonfun$runStream$1(StreamExecution.scala:712)
	at scala.runtime.java8.JFunction0$mcV$sp.apply(JFunction0$mcV$sp.scala:18)
	at com.databricks.logging.AttributionContextTracing.$anonfun$withAttributionContext$1(AttributionContextTracing.scala:146)
	at com.databricks.logging.AttributionContext$.withValue(AttributionContext.scala:354)
	at com.databricks.logging.AttributionContextTracing.withAttributionContext(AttributionContextTracing.scala:144)
	at com.databricks.logging.AttributionContextTracing.withAttributionContext$(AttributionContextTracing.scala:141)
	at com.databricks.spark.util.PublicDBLogging.withAttributionContext(DatabricksSparkUsageLogger.scala:32)
	at com.databricks.logging.AttributionContextTracing.withAttributionTags(AttributionContextTracing.scala:201)
	at com.databricks.logging.AttributionContextTracing.withAttributionTags$(AttributionContextTracing.scala:182)
	at com.databricks.spark.util.PublicDBLogging.withAttributionTags(DatabricksSparkUsageLogger.scala:32)
	at com.databricks.spark.util.PublicDBLogging.withAttributionTags0(DatabricksSparkUsageLogger.scala:108)
	at com.databricks.spark.util.DatabricksSparkUsageLogger.withAttributionTags(DatabricksSparkUsageLogger.scala:279)
	at com.databricks.spark.util.UsageLogging.$anonfun$withAttributionTags$1(UsageLogger.scala:668)
	at com.databricks.spark.util.UsageLogging$.withAttributionTags(UsageLogger.scala:780)
	at com.databricks.spark.util.UsageLogging$.withAttributionTags(UsageLogger.scala:789)
	at com.databricks.spark.util.UsageLogging.withAttributionTags(UsageLogger.scala:668)
	at com.databricks.spark.util.UsageLogging.withAttributionTags$(UsageLogger.scala:666)
	at org.apache.spark.sql.execution.streaming.runtime.StreamExecution.withAttributionTags(StreamExecution.scala:154)
	at org.apache.spark.sql.execution.streaming.runtime.StreamExecution.org$apache$spark$sql$execution$streaming$runtime$StreamExecution$$runStream(StreamExecution.scala:656)
	at org.apache.spark.sql.execution.streaming.runtime.StreamExecution$$anon$1.$anonfun$run$2(StreamExecution.scala:543)
	at scala.runtime.java8.JFunction0$mcV$sp.apply(JFunction0$mcV$sp.scala:18)
	at com.databricks.unity.UCSEphemeralState$Handle.runWith(UCSEphemeralState.scala:51)
	at com.databricks.unity.HandleImpl.runWith(UCSHandle.scala:130)
	at com.databricks.unity.HandleImpl.$anonfun$runWithAndClose$1(UCSHandle.scala:139)
	at scala.util.Using$.resource(Using.scala:296)
	at com.databricks.unity.HandleImpl.runWithAndClose(UCSHandle.scala:138)
	at org.apache.spark.sql.execution.streaming.runtime.StreamExecution$$anon$1.run(StreamExecution.scala:543)
Trace:
---------------------------------------------------------------------------
StreamingQueryException                   Traceback (most recent call last)
File ~/.ipykernel/67/command--1-2776199325:9
      6 del sys
      8 with open(filename, "rb") as f:
----> 9   exec(compile(f.read(), filename, 'exec'))

File /Workspace/Users/<me>/.bundle/lakehouse-rag/smoke/files/databricks/ingest_job.py:14
     11 from ingestion.spark.run import main
     13 if __name__ == "__main__":
---> 14     main(sys.argv[1:])

File /local_disk0/.ephemeral_nfs/envs/pythonEnv-d28657cc-7eab-4b78-af8c-2e92dff57d75/lib/python3.12/site-packages/ingestion/spark/run.py:48, in main(argv)
     46 try:
     47     for step in args.steps:
---> 48         STEPS[step](spark, settings)
     49 finally:
     50     spark.stop()

File /local_disk0/.ephemeral_nfs/envs/pythonEnv-d28657cc-7eab-4b78-af8c-2e92dff57d75/lib/python3.12/site-packages/ingestion/spark/bronze.py:75, in run(spark, settings)
     64 manifests = (
     65     spark.readStream.schema(MANIFEST_DDL)
     66     .option("maxFilesPerTrigger", settings.manifest_files_per_batch)
     67     .json(settings.manifests_path)
     68 )
     69 query = (
     70     manifests.writeStream.trigger(availableNow=True)
     71     .option("checkpointLocation", settings.checkpoint_path("bronze_objects"))
     72     .foreachBatch(lambda batch, _batch_id: merge_batch(batch, table_path, settings))
     73     .start()
     74 )
---> 75 query.awaitTermination()
     76 log.info("bronze up to date: %s", table_path)

File /databricks/python/lib/python3.12/site-packages/pyspark/sql/connect/streaming/query.py:96, in StreamingQuery.awaitTermination(self, timeout)
     94 await_termination_cmd = pb2.StreamingQueryCommand.AwaitTerminationCommand()
     95 cmd.await_termination.CopyFrom(await_termination_cmd)
---> 96 self._execute_streaming_query_cmd(cmd)
     97 return None

File /databricks/python/lib/python3.12/site-packages/pyspark/sql/connect/streaming/query.py:184, in StreamingQuery._execute_streaming_query_cmd(self, cmd)
    182 exec_cmd = pb2.Command()
    183 exec_cmd.streaming_query_command.CopyFrom(cmd)
--> 184 _, properties, _ = self._session.client.execute_command(exec_cmd)
    185 return cast(pb2.StreamingQueryCommandResult, properties["streaming_query_command_result"])

File /databricks/python/lib/python3.12/site-packages/pyspark/sql/connect/client/core.py:1812, in SparkConnectClient.execute_command(self, command, observations, extra_request_metadata)
   1810 req = self._execute_plan_request_with_metadata()
   1811 self._set_command_in_plan(req.plan, command)
-> 1812 data, _, metrics, observed_metrics, properties = self._execute_and_fetch(
   1813     req, observations or {}, extra_request_metadata
   1814 )
   1815 # Create a query execution object.
   1816 ei = ExecutionInfo(metrics, observed_metrics, req.operation_id)

File /databricks/python/lib/python3.12/site-packages/pyspark/sql/connect/client/core.py:2411, in SparkConnectClient._execute_and_fetch(self, req, observations, extra_request_metadata, self_destruct)
   2408 properties: Dict[str, Any] = {}
   2410 with Progress(handlers=self._progress_handlers, operation_id=req.operation_id) as progress:
-> 2411     for response in self._execute_and_fetch_as_iterator(
   2412         req, observations, extra_request_metadata or [], progress=progress
   2413     ):
   2414         if isinstance(response, StructType):
   2415             schema = response

File /databricks/python/lib/python3.12/site-packages/pyspark/sql/connect/client/core.py:2387, in SparkConnectClient._execute_and_fetch_as_iterator(self, req, observations, extra_request_metadata, progress)
   2385     raise kb
   2386 except Exception as error:
-> 2387     self._handle_error(error, req.operation_id)

File /databricks/python/lib/python3.12/site-packages/pyspark/sql/connect/client/core.py:2785, in SparkConnectClient._handle_error(self, error, operation_id)
   2783 try:
   2784     if isinstance(error, grpc.RpcError):
-> 2785         self._handle_rpc_error(error)
   2786     raise error
   2787 except BaseException as handled_error:

File /databricks/python/lib/python3.12/site-packages/pyspark/sql/connect/client/core.py:2882, in SparkConnectClient._handle_rpc_error(self, rpc_error)
   2878             logger.debug(f"Received ErrorInfo: {info}")
   2880             self._handle_rpc_error_with_error_info(info, status.message, status_code)  # EDGE
-> 2882             raise convert_exception(
   2883                 info,
   2884                 status.message,
   2885                 self._fetch_enriched_error(info),
   2886                 self._display_server_stack_trace(),
   2887                 status_code,
   2888             ) from None
   2890     raise SparkConnectGrpcException(
   2891         message=status.message,
   2892         sql_state=ErrorCode.CLIENT_UNEXPECTED_MISSING_SQL_STATE,  # EDGE
   2893         grpc_status_code=status_code,
   2894     ) from None
   2895 else:

File /databricks/python/lib/python3.12/site-packages/databricks/sdk/config.py:834, in init_auth()
    832 def init_auth(self):
    833     try:
--> 834         self._header_factory = self._credentials_strategy(self)
    835         self.auth_type = self._credentials_strategy.auth_type()
    836         if not self._header_factory:

File /databricks/python/lib/python3.12/site-packages/databricks/sdk/credentials_provider.py:1480, in __call__()
   1478         raise ValueError(f"{auth_type}: {e}") from e
   1479 auth_flow_url = "https://docs.databricks.com/en/dev-tools/auth.html#databricks-client-unified-authentication"
-> 1480 raise ValueError(
   1481     f"cannot configure default credentials, please check {auth_flow_url} to configure credentials for your preferred authentication method."
   1482 )

StreamingQueryException: [STREAM_FAILED] Query [id = 60afcb9a-4e7d-4bfb-b50a-b083bb06325a, runId = 1ca1cd9e-a5d2-4cd6-a8fe-4da1a5c17dc7] terminated with exception: [PYTHON_EXCEPTION] [root session: f965bdd8-8c32-4672-8dd7-5ca186433905][cloned session: 4905e4a1-e91a-4a18-8f0d-b94c34f22513][userId: 73050449987489] Found error inside foreachBatch Python process: Traceback (most recent call last):
  File "/databricks/python/lib/python3.12/site-packages/databricks/sdk/config.py", line 834, in init_auth
    self._header_factory = self._credentials_strategy(self)
                           ^^^^^^^^^^^^^^^^^^^^^^^^^^^^^^^^
  File "/databricks/python/lib/python3.12/site-packages/databricks/sdk/credentials_provider.py", line 1480, in __call__
    raise ValueError(
ValueError: cannot configure default credentials, please check https://docs.databricks.com/en/dev-tools/auth.html#databricks-client-unified-authentication to configure credentials for your preferred authentication method.

The above exception was the direct cause of the following exception:

Traceback (most recent call last):
  File "/databricks/python/lib/python3.12/site-packages/databricks/sdk/config.py", line 323, in __init__
    self.init_auth()
  File "/databricks/python/lib/python3.12/site-packages/databricks/sdk/config.py", line 839, in init_auth
    raise ValueError(f"{self._credentials_strategy.auth_type()} auth: {e}") from e
ValueError: default auth: cannot configure default credentials, please check https://docs.databricks.com/en/dev-tools/auth.html#databricks-client-unified-authentication to configure credentials for your preferred authentication method.

The above exception was the direct cause of the following exception:

Traceback (most recent call last):
  File "/databricks/spark/python/_engine_pyspark.zip/_engine_pyspark/sql/connect/streaming/worker/foreach_batch_worker.py", line 173, in main
    process(df_ref_id, int(batch_id))
  File "/databricks/spark/python/_engine_pyspark.zip/_engine_pyspark/sql/connect/streaming/worker/foreach_batch_worker.py", line 77, in process
    func(batch_df, batch_id)
  File "/local_disk0/.ephemeral_nfs/envs/pythonEnv-d28657cc-7eab-4b78-af8c-2e92dff57d75/lib/python3.12/site-packages/ingestion/spark/bronze.py", line 72, in <lambda>
  File "/local_disk0/.ephemeral_nfs/envs/pythonEnv-645dbd5d-5c9f-4746-ad1e-61d7005c3dcc/lib/python3.12/site-packages/ingestion/spark/bronze.py", line 39, in merge_batch
    service_credentials(settings.service_credential, settings.region)
  File "/local_disk0/.ephemeral_nfs/envs/pythonEnv-645dbd5d-5c9f-4746-ad1e-61d7005c3dcc/lib/python3.12/site-packages/ingestion/spark/objects.py", line 51, in service_credentials
    from databricks.sdk.runtime import dbutils  # type: ignore[import-not-found,unused-ignore]
    ^^^^^^^^^^^^^^^^^^^^^^^^^^^^^^^^^^^^^^^^^^
  File "/databricks/python/lib/python3.12/site-packages/databricks/sdk/runtime/__init__.py", line 214, in <module>
    dbutils = RemoteDbUtils()
              ^^^^^^^^^^^^^^^
  File "/databricks/python/lib/python3.12/site-packages/databricks/sdk/dbutils.py", line 216, in __init__
    self._config = Config() if not config else config.copy()
                   ^^^^^^^^
  File "/databricks/python/lib/python3.12/site-packages/databricks/sdk/config.py", line 327, in __init__
    raise ValueError(message) from e
ValueError: default auth: cannot configure default credentials, please check https://docs.databricks.com/en/dev-tools/auth.html#databricks-client-unified-authentication to configure credentials for your preferred authentication method.
 SQLSTATE: 38000 SQLSTATE: XXKST
=== Streaming Query ===
Identifier: [id = 60afcb9a-4e7d-4bfb-b50a-b083bb06325a, runId = 1ca1cd9e-a5d2-4cd6-a8fe-4da1a5c17dc7]
Current Start Offsets: {}
Current End Offsets: {FileStreamSource[s3://larkspur-smoke-lake/manifests]: {"logOffset":0}}

Current State: ACTIVE
Thread State: RUNNABLE

Logical Plan:
~WriteToMicroBatchDataSourceV1 ForeachBatchSink, 60afcb9a-4e7d-4bfb-b50a-b083bb06325a, [checkpointLocation=s3://larkspur-smoke-lake/_checkpoints/bronze_objects], Append
+- ~StreamingExecutionRelation FileStreamSource[s3://larkspur-smoke-lake/manifests], [manifest_version#10394, event_id#10395, event_type#10396, event_name#10397, bucket#10398, key#10399, version_id#10400, etag#10401, size#10402L, event_time#10403, sequencer#10404, sort_key#10405, content_type#10406, doc_id#10407, source_type#10408, title#10409, owner#10410, allowed_groups#10411, source_updated_at#10412, metadata#10413, registered_at#10414, dt#10415], name=<Unassigned>


Physical Plan:
PhotonResultStage
+- PhotonColumnarToRow
   +- PhotonJsonScan json [manifest_version#10440,event_id#10441,event_type#10442,event_name#10443,bucket#10444,key#10445,version_id#10446,etag#10447,size#10448L,event_time#10449,sequencer#10450,sort_key#10451,content_type#10452,doc_id#10453,source_type#10454,title#10455,owner#10456,allowed_groups#10457,source_updated_at#10458,metadata#10459,registered_at#10460,dt#10461] Batched: true, DataFilters: [], Format: JSON, Location: InMemoryFileIndex(157 paths)[s3://larkspur-smoke-lake/manifests/dt=2026-10-08/9d5c307d883168964d8..., PartitionFilters: [], PushedFilters: [], ReadSchema: struct<manifest_version:int,event_id:string,event_type:string,event_name:string,bucket:string,key...


JVM stacktrace:
org.apache.spark.sql.streaming.StreamingQueryException
	at org.apache.spark.sql.execution.streaming.runtime.StreamExecution.$anonfun$runStream$1(StreamExecution.scala:898)
	at scala.runtime.java8.JFunction0$mcV$sp.apply(JFunction0$mcV$sp.scala:18)
	at com.databricks.logging.AttributionContextTracing.$anonfun$withAttributionContext$1(AttributionContextTracing.scala:146)
	at com.databricks.logging.AttributionContext$.withValue(AttributionContext.scala:354)
	at com.databricks.logging.AttributionContextTracing.withAttributionContext(AttributionContextTracing.scala:144)
	at com.databricks.logging.AttributionContextTracing.withAttributionContext$(AttributionContextTracing.scala:141)
	at com.databricks.spark.util.PublicDBLogging.withAttributionContext(DatabricksSparkUsageLogger.scala:32)
	at com.databricks.logging.AttributionContextTracing.withAttributionTags(AttributionContextTracing.scala:201)
	at com.databricks.logging.AttributionContextTracing.withAttributionTags$(AttributionContextTracing.scala:182)
	at com.databricks.spark.util.PublicDBLogging.withAttributionTags(DatabricksSparkUsageLogger.scala:32)
	at com.databricks.spark.util.PublicDBLogging.withAttributionTags0(DatabricksSparkUsageLogger.scala:108)
	at com.databricks.spark.util.DatabricksSparkUsageLogger.withAttributionTags(DatabricksSparkUsageLogger.scala:279)
	at com.databricks.spark.util.UsageLogging.$anonfun$withAttributionTags$1(UsageLogger.scala:668)
	at com.databricks.spark.util.UsageLogging$.withAttributionTags(UsageLogger.scala:780)
	at com.databricks.spark.util.UsageLogging$.withAttributionTags(UsageLogger.scala:789)
	at com.databricks.spark.util.UsageLogging.withAttributionTags(UsageLogger.scala:668)
	at com.databricks.spark.util.UsageLogging.withAttributionTags$(UsageLogger.scala:666)
	at org.apache.spark.sql.execution.streaming.runtime.StreamExecution.withAttributionTags(StreamExecution.scala:154)
	at org.apache.spark.sql.execution.streaming.runtime.StreamExecution.org$apache$spark$sql$execution$streaming$runtime$StreamExecution$$runStream(StreamExecution.scala:656)
	at org.apache.spark.sql.execution.streaming.runtime.StreamExecution$$anon$1.$anonfun$run$2(StreamExecution.scala:543)
	at scala.runtime.java8.JFunction0$mcV$sp.apply(JFunction0$mcV$sp.scala:18)
	at com.databricks.unity.UCSEphemeralState$Handle.runWith(UCSEphemeralState.scala:51)
	at com.databricks.unity.HandleImpl.runWith(UCSHandle.scala:130)
	at com.databricks.unity.HandleImpl.$anonfun$runWithAndClose$1(UCSHandle.scala:139)
	at scala.util.Using$.resource(Using.scala:296)
	at com.databricks.unity.HandleImpl.runWithAndClose(UCSHandle.scala:138)
	at org.apache.spark.sql.execution.streaming.runtime.StreamExecution$$anon$1.run(StreamExecution.scala:543)
Caused by: org.apache.spark.api.python.PythonException: [PYTHON_EXCEPTION] [root session: f965bdd8-8c32-4672-8dd7-5ca186433905][cloned session: 4905e4a1-e91a-4a18-8f0d-b94c34f22513][userId: 73050449987489] Found error inside foreachBatch Python process: Traceback (most recent call last):
  File "/databricks/python/lib/python3.12/site-packages/databricks/sdk/config.py", line 834, in init_auth
    self._header_factory = self._credentials_strategy(self)
                           ^^^^^^^^^^^^^^^^^^^^^^^^^^^^^^^^
  File "/databricks/python/lib/python3.12/site-packages/databricks/sdk/credentials_provider.py", line 1480, in __call__
    raise ValueError(
ValueError: cannot configure default credentials, please check https://docs.databricks.com/en/dev-tools/auth.html#databricks-client-unified-authentication to configure credentials for your preferred authentication method.

The above exception was the direct cause of the following exception:

Traceback (most recent call last):
  File "/databricks/python/lib/python3.12/site-packages/databricks/sdk/config.py", line 323, in __init__
    self.init_auth()
  File "/databricks/python/lib/python3.12/site-packages/databricks/sdk/config.py", line 839, in init_auth
    raise ValueError(f"{self._credentials_strategy.auth_type()} auth: {e}") from e
ValueError: default auth: cannot configure default credentials, please check https://docs.databricks.com/en/dev-tools/auth.html#databricks-client-unified-authentication to configure credentials for your preferred authentication method.

The above exception was the direct cause of the following exception:

Traceback (most recent call last):
  File "/databricks/spark/python/_engine_pyspark.zip/_engine_pyspark/sql/connect/streaming/worker/foreach_batch_worker.py", line 173, in main
    process(df_ref_id, int(batch_id))
  File "/databricks/spark/python/_engine_pyspark.zip/_engine_pyspark/sql/connect/streaming/worker/foreach_batch_worker.py", line 77, in process
    func(batch_df, batch_id)
  File "/local_disk0/.ephemeral_nfs/envs/pythonEnv-d28657cc-7eab-4b78-af8c-2e92dff57d75/lib/python3.12/site-packages/ingestion/spark/bronze.py", line 72, in <lambda>
  File "/local_disk0/.ephemeral_nfs/envs/pythonEnv-645dbd5d-5c9f-4746-ad1e-61d7005c3dcc/lib/python3.12/site-packages/ingestion/spark/bronze.py", line 39, in merge_batch
    service_credentials(settings.service_credential, settings.region)
  File "/local_disk0/.ephemeral_nfs/envs/pythonEnv-645dbd5d-5c9f-4746-ad1e-61d7005c3dcc/lib/python3.12/site-packages/ingestion/spark/objects.py", line 51, in service_credentials
    from databricks.sdk.runtime import dbutils  # type: ignore[import-not-found,unused-ignore]
    ^^^^^^^^^^^^^^^^^^^^^^^^^^^^^^^^^^^^^^^^^^
  File "/databricks/python/lib/python3.12/site-packages/databricks/sdk/runtime/__init__.py", line 214, in <module>
    dbutils = RemoteDbUtils()
              ^^^^^^^^^^^^^^^
  File "/databricks/python/lib/python3.12/site-packages/databricks/sdk/dbutils.py", line 216, in __init__
    self._config = Config() if not config else config.copy()
                   ^^^^^^^^
  File "/databricks/python/lib/python3.12/site-packages/databricks/sdk/config.py", line 327, in __init__
    raise ValueError(message) from e
ValueError: default auth: cannot configure default credentials, please check https://docs.databricks.com/en/dev-tools/auth.html#databricks-client-unified-authentication to configure credentials for your preferred authentication method.
 SQLSTATE: 38000
	at org.apache.spark.sql.connect.planner.StreamingForeachBatchHelper$.$anonfun$pythonForeachBatchWrapper$19(StreamingForeachBatchHelper.scala:632)
	at org.apache.spark.sql.connect.planner.StreamingForeachBatchHelper$.$anonfun$pythonForeachBatchWrapper$19$adapted(StreamingForeachBatchHelper.scala:601)
	at org.apache.spark.sql.connect.planner.StreamingForeachBatchHelper$.$anonfun$dataFrameCachingWrapper$1(StreamingForeachBatchHelper.scala:214)
	at org.apache.spark.sql.connect.planner.StreamingForeachBatchHelper$.$anonfun$dataFrameCachingWrapper$1$adapted(StreamingForeachBatchHelper.scala:194)
	at org.apache.spark.sql.execution.streaming.sources.ForeachBatchSink.callBatchWriter(ForeachBatchSink.scala:239)
	at org.apache.spark.sql.execution.streaming.sources.ForeachBatchSink.addBatchOptimized(ForeachBatchSink.scala:411)
	at org.apache.spark.sql.execution.streaming.sources.ForeachBatchSink.$anonfun$addBatch$4(ForeachBatchSink.scala:149)
	at scala.runtime.java8.JFunction0$mcV$sp.apply(JFunction0$mcV$sp.scala:18)
	at org.apache.spark.util.Utils$.timeTakenMs(Utils.scala:599)
	at org.apache.spark.sql.execution.streaming.sources.ForeachBatchSink.addBatch(ForeachBatchSink.scala:132)
	at org.apache.spark.sql.execution.streaming.runtime.MicroBatchExecution.$anonfun$addBatch$4(MicroBatchExecution.scala:3672)
	at scala.runtime.java8.JFunction0$mcV$sp.apply(JFunction0$mcV$sp.scala:18)
	at org.apache.spark.sql.execution.streaming.StructuredApiLogger$.logApiEvent(SupportsStructuredApiLogging.scala:226)
	at org.apache.spark.sql.execution.streaming.runtime.MicroBatchExecution.addBatch(MicroBatchExecution.scala:3672)
	at org.apache.spark.sql.execution.streaming.runtime.MicroBatchExecution.$anonfun$runBatch$38(MicroBatchExecution.scala:4367)
	at scala.runtime.java8.JFunction0$mcV$sp.apply(JFunction0$mcV$sp.scala:18)
	at com.databricks.spark.util.FrameProfiler$.$anonfun$record$1(FrameProfiler.scala:114)
	at com.databricks.spark.util.FrameProfilerExporter$.maybeExportFrameProfiler(FrameProfilerExporter.scala:201)
	at com.databricks.spark.util.FrameProfiler$.record(FrameProfiler.scala:105)
	at org.apache.spark.sql.execution.streaming.runtime.ProgressContext.reportTimeTaken(ProgressReporter.scala:364)
	at org.apache.spark.sql.execution.streaming.runtime.MicroBatchExecution.$anonfun$markAndTimeCollectBatch$1(MicroBatchExecution.scala:3690)
	at org.apache.spark.sql.execution.streaming.runtime.StreamingQueryBatchActivityRecorder.recordPhase(StreamingQueryBatchActivityRecorder.scala:50)
	at org.apache.spark.sql.execution.streaming.runtime.MicroBatchExecution.markAndTimeCollectBatch(MicroBatchExecution.scala:3689)
	at org.apache.spark.sql.execution.streaming.runtime.MicroBatchExecution.$anonfun$runBatch$37(MicroBatchExecution.scala:4367)
	at org.apache.spark.sql.execution.SQLExecution$.$anonfun$withNewExecutionId0$23(SQLExecution.scala:1309)
	at com.databricks.sql.util.MemoryTrackerHelper.withMemoryTracking(MemoryTrackerHelper.scala:111)
	at org.apache.spark.sql.execution.SQLExecution$.$anonfun$withNewExecutionId0$20(SQLExecution.scala:1225)
	at com.databricks.unity.UCSManager$.withTemporaryScope(UCSManager.scala:168)
	at org.apache.spark.sql.execution.SQLExecution$.$anonfun$withNewExecutionId0$19(SQLExecution.scala:1114)
	at org.apache.spark.sql.execution.SQLExecution$.withSessionTagsApplied(SQLExecution.scala:1989)
	at org.apache.spark.sql.execution.SQLExecution$.$anonfun$withNewExecutionId0$18(SQLExecution.scala:1103)
	at org.apache.spark.JobArtifactSet$.withActiveJobArtifactState(JobArtifactSet.scala:97)
	at org.apache.spark.sql.artifact.ArtifactManager.$anonfun$withResources$1(ArtifactManager.scala:124)
	at org.apache.spark.sql.artifact.ArtifactManager.withClassLoaderIfNeeded(ArtifactManager.scala:118)
	at org.apache.spark.sql.artifact.ArtifactManager.withResources(ArtifactManager.scala:123)
	at org.apache.spark.sql.execution.SQLExecution$.$anonfun$withNewExecutionId0$17(SQLExecution.scala:1103)
	at org.apache.spark.sql.execution.SQLExecution$.withSQLConfPropagated(SQLExecution.scala:2024)
	at org.apache.spark.sql.execution.SQLExecution$.$anonfun$withNewExecutionId0$1(SQLExecution.scala:1102)
	at org.apache.spark.sql.SparkSession.withActive(SparkSession.scala:866)
	at org.apache.spark.sql.execution.SQLExecution$.withNewExecutionId0(SQLExecution.scala:823)
	at org.apache.spark.sql.execution.SQLExecution$.withNewExecutionId(SQLExecution.scala:1942)
	at org.apache.spark.sql.execution.streaming.runtime.MicroBatchExecution.withSQLExecutionContext$1(MicroBatchExecution.scala:4354)
	at org.apache.spark.sql.execution.streaming.runtime.MicroBatchExecution.$anonfun$runBatch$35(MicroBatchExecution.scala:4358)
	at com.databricks.spark.util.FrameProfiler$.$anonfun$record$1(FrameProfiler.scala:114)
	at com.databricks.spark.util.FrameProfilerExporter$.maybeExportFrameProfiler(FrameProfilerExporter.scala:201)
	at com.databricks.spark.util.FrameProfiler$.record(FrameProfiler.scala:105)
	at org.apache.spark.sql.execution.streaming.runtime.ProgressContext.reportTimeTaken(ProgressReporter.scala:364)
	at org.apache.spark.sql.execution.streaming.runtime.MicroBatchExecutionContext.$anonfun$reportTimeTakenAndRecordPhase$1(StreamExecutionContext.scala:279)
	at org.apache.spark.sql.execution.streaming.runtime.StreamingQueryBatchActivityRecorder.recordPhase(StreamingQueryBatchActivityRecorder.scala:50)
	at org.apache.spark.sql.execution.streaming.runtime.MicroBatchExecutionContext.reportTimeTakenAndRecordPhase(StreamExecutionContext.scala:279)
	at org.apache.spark.sql.execution.streaming.runtime.MicroBatchExecution.runBatch(MicroBatchExecution.scala:4329)
	at org.apache.spark.sql.execution.streaming.runtime.MicroBatchExecution.$anonfun$executeOneBatch$8(MicroBatchExecution.scala:2518)
	at org.apache.spark.sql.execution.streaming.runtime.MicroBatchExecution.handleDataSourceException(MicroBatchExecution.scala:5390)
	at org.apache.spark.sql.execution.streaming.runtime.MicroBatchExecution.$anonfun$executeOneBatch$7(MicroBatchExecution.scala:2518)
	at org.apache.spark.sql.execution.streaming.runtime.MicroBatchExecution.withSchemaEvolution(MicroBatchExecution.scala:5335)
	at org.apache.spark.sql.execution.streaming.runtime.MicroBatchExecution.$anonfun$executeOneBatch$4(MicroBatchExecution.scala:2514)
	at scala.runtime.java8.JFunction0$mcV$sp.apply(JFunction0$mcV$sp.scala:18)
	at com.databricks.spark.util.FrameProfiler$.$anonfun$record$1(FrameProfiler.scala:114)
	at com.databricks.spark.util.FrameProfilerExporter$.maybeExportFrameProfiler(FrameProfilerExporter.scala:201)
	at com.databricks.spark.util.FrameProfiler$.record(FrameProfiler.scala:105)
	at org.apache.spark.sql.execution.streaming.runtime.ProgressContext.reportTimeTaken(ProgressReporter.scala:364)
	at org.apache.spark.sql.execution.streaming.runtime.MicroBatchExecution.$anonfun$executeOneBatch$3(MicroBatchExecution.scala:2438)
	at scala.runtime.java8.JFunction0$mcV$sp.apply(JFunction0$mcV$sp.scala:18)
	at com.databricks.logging.AttributionContextTracing.$anonfun$withAttributionContext$1(AttributionContextTracing.scala:146)
	at com.databricks.logging.AttributionContext$.withValue(AttributionContext.scala:354)
	at com.databricks.logging.AttributionContextTracing.withAttributionContext(AttributionContextTracing.scala:144)
	at com.databricks.logging.AttributionContextTracing.withAttributionContext$(AttributionContextTracing.scala:141)
	at com.databricks.spark.util.PublicDBLogging.withAttributionContext(DatabricksSparkUsageLogger.scala:32)
	at com.databricks.logging.AttributionContextTracing.withAttributionTags(AttributionContextTracing.scala:201)
	at com.databricks.logging.AttributionContextTracing.withAttributionTags$(AttributionContextTracing.scala:182)
	at com.databricks.spark.util.PublicDBLogging.withAttributionTags(DatabricksSparkUsageLogger.scala:32)
	at com.databricks.spark.util.PublicDBLogging.withAttributionTags0(DatabricksSparkUsageLogger.scala:108)
	at com.databricks.spark.util.DatabricksSparkUsageLogger.withAttributionTags(DatabricksSparkUsageLogger.scala:279)
	at com.databricks.spark.util.UsageLogging.$anonfun$withAttributionTags$1(UsageLogger.scala:668)
	at com.databricks.spark.util.UsageLogging$.withAttributionTags(UsageLogger.scala:780)
	at com.databricks.spark.util.UsageLogging$.withAttributionTags(UsageLogger.scala:789)
	at com.databricks.spark.util.UsageLogging.withAttributionTags(UsageLogger.scala:668)
	at com.databricks.spark.util.UsageLogging.withAttributionTags$(UsageLogger.scala:666)
	at org.apache.spark.sql.execution.streaming.runtime.StreamExecution.withAttributionTags(StreamExecution.scala:154)
	at org.apache.spark.sql.execution.streaming.runtime.MicroBatchExecution.executeOneBatch(MicroBatchExecution.scala:2431)
	at org.apache.spark.sql.execution.streaming.runtime.MicroBatchExecution.$anonfun$executeOneBatchWithDowngradeHandling$1(MicroBatchExecution.scala:2378)
	at scala.runtime.java8.JFunction0$mcZ$sp.apply(JFunction0$mcZ$sp.scala:17)
	at com.databricks.util.LexicalThreadLocal$Handle.runWith(LexicalThreadLocal.scala:63)
	at org.apache.spark.sql.execution.streaming.runtime.StreamExecution.withMicroBatchUcCache(StreamExecution.scala:500)
	at org.apache.spark.sql.execution.streaming.runtime.MicroBatchExecution.executeOneBatchWithDowngradeHandling(MicroBatchExecution.scala:2377)
	at org.apache.spark.sql.execution.streaming.runtime.MicroBatchExecution.$anonfun$runActivatedStreamWithListener$1(MicroBatchExecution.scala:2365)
	at org.apache.spark.sql.execution.streaming.runtime.MicroBatchExecution.$anonfun$runActivatedStreamWithListener$1$adapted(MicroBatchExecution.scala:2365)
	at org.apache.spark.sql.execution.streaming.runtime.TriggerExecutor.runOneBatch(TriggerExecutor.scala:86)
	at org.apache.spark.sql.execution.streaming.runtime.TriggerExecutor.runOneBatch$(TriggerExecutor.scala:74)
	at org.apache.spark.sql.execution.streaming.runtime.MultiBatchExecutor.runOneBatch(TriggerExecutor.scala:112)
	at org.apache.spark.sql.execution.streaming.runtime.MultiBatchExecutor.execute(TriggerExecutor.scala:120)
	at org.apache.spark.sql.execution.streaming.runtime.MicroBatchExecution.runActivatedStreamWithListener(MicroBatchExecution.scala:2365)
	at org.apache.spark.sql.execution.streaming.runtime.MicroBatchExecution.runActivatedStream(MicroBatchExecution.scala:1139)
	at org.apache.spark.sql.execution.streaming.runtime.StreamExecution.$anonfun$runStream$2(StreamExecution.scala:801)
	at scala.runtime.java8.JFunction0$mcV$sp.apply(JFunction0$mcV$sp.scala:18)
	at org.apache.spark.sql.SparkSession.withActive(SparkSession.scala:866)
	at org.apache.spark.sql.execution.streaming.runtime.StreamExecution.$anonfun$runStream$1(StreamExecution.scala:712)
	at scala.runtime.java8.JFunction0$mcV$sp.apply(JFunction0$mcV$sp.scala:18)
	at com.databricks.logging.AttributionContextTracing.$anonfun$withAttributionContext$1(AttributionContextTracing.scala:146)
	at com.databricks.logging.AttributionContext$.withValue(AttributionContext.scala:354)
	at com.databricks.logging.AttributionContextTracing.withAttributionContext(AttributionContextTracing.scala:144)
	at com.databricks.logging.AttributionContextTracing.withAttributionContext$(AttributionContextTracing.scala:141)
	at com.databricks.spark.util.PublicDBLogging.withAttributionContext(DatabricksSparkUsageLogger.scala:32)
	at com.databricks.logging.AttributionContextTracing.withAttributionTags(AttributionContextTracing.scala:201)
	at com.databricks.logging.AttributionContextTracing.withAttributionTags$(AttributionContextTracing.scala:182)
	at com.databricks.spark.util.PublicDBLogging.withAttributionTags(DatabricksSparkUsageLogger.scala:32)
	at com.databricks.spark.util.PublicDBLogging.withAttributionTags0(DatabricksSparkUsageLogger.scala:108)
	at com.databricks.spark.util.DatabricksSparkUsageLogger.withAttributionTags(DatabricksSparkUsageLogger.scala:279)
	at com.databricks.spark.util.UsageLogging.$anonfun$withAttributionTags$1(UsageLogger.scala:668)
	at com.databricks.spark.util.UsageLogging$.withAttributionTags(UsageLogger.scala:780)
	at com.databricks.spark.util.UsageLogging$.withAttributionTags(UsageLogger.scala:789)
	at com.databricks.spark.util.UsageLogging.withAttributionTags(UsageLogger.scala:668)
	at com.databricks.spark.util.UsageLogging.withAttributionTags$(UsageLogger.scala:666)
	at org.apache.spark.sql.execution.streaming.runtime.StreamExecution.withAttributionTags(StreamExecution.scala:154)
	at org.apache.spark.sql.execution.streaming.runtime.StreamExecution.org$apache$spark$sql$execution$streaming$runtime$StreamExecution$$runStream(StreamExecution.scala:656)
	at org.apache.spark.sql.execution.streaming.runtime.StreamExecution$$anon$1.$anonfun$run$2(StreamExecution.scala:543)
	at scala.runtime.java8.JFunction0$mcV$sp.apply(JFunction0$mcV$sp.scala:18)
	at com.databricks.unity.UCSEphemeralState$Handle.runWith(UCSEphemeralState.scala:51)
	at com.databricks.unity.HandleImpl.runWith(UCSHandle.scala:130)
	at com.databricks.unity.HandleImpl.$anonfun$runWithAndClose$1(UCSHandle.scala:139)
	at scala.util.Using$.resource(Using.scala:296)
	at com.databricks.unity.HandleImpl.runWithAndClose(UCSHandle.scala:138)
	at org.apache.spark.sql.execution.streaming.runtime.StreamExecution$$anon$1.run(StreamExecution.scala:543)
Error: failed to reach TERMINATED or SKIPPED, got INTERNAL_ERROR: Task bronze failed with message: Workload failed, see run output for details. This caused all downstream tasks to get skipped.
Traceback (most recent call last):
  File "<frozen runpy>", line 198, in _run_module_as_main
  File "<frozen runpy>", line 88, in _run_code
  File "eval\smoke.py", line 309, in <module>
    main()
  File "eval\smoke.py", line 303, in main
    smoke.execute(names)
  File "eval\smoke.py", line 208, in execute
    self.steps()[name]()
  File "eval\smoke.py", line 160, in ingest
    self.run("databricks", "bundle", "run", "ingest", "-t", "smoke")
  File "eval\smoke.py", line 128, in run
    done = subprocess.run(argv, cwd=ROOT, env=self.env, check=check)  # noqa: S603
           ^^^^^^^^^^^^^^^^^^^^^^^^^^^^^^^^^^^^^^^^^^^^^^^^^^^^^^^^^
  File "C:\Users\Bevan\AppData\Local\mise\installs\python\3.12.13\Lib\subprocess.py", line 571, in run
    raise CalledProcessError(retcode, process.args,
subprocess.CalledProcessError: Command '('databricks', 'bundle', 'run', 'ingest', '-t', 'smoke')' returned non-zero exit status 1.
